gstin,supplier name,invoice no,invoice date,taxable amount,igst,cgst,sgst,total

27AAACG1234F1Z5,Reliance Industries,INV-0001,2025-06-02,161659.57,0.00,4041.49,4041.49,169742.55
27AAACH5678B1Z2,Tata Steel Limited,INV-0002,2025-06-03,186679.87,0.00,11200.79,11200.79,209081.45
07AAACI2345D1Z6,Infosys Limited,INV-0003,2025-06-04,59686.63,2984.33,0.00,0.00,62670.96
27AAACJ8765E1Z3,Bharat Petroleum,INV-0004,2025-06-05,170791.37,0.00,4269.78,4269.78,179330.93
27AAACK4321F1Z4,ITC Limited,INV-0005,2025-06-06,149670.67,0.00,3741.77,3741.77,157154.21
07AAACL9876G1Z1,Wipro Limited,INV-0006,2025-06-07,12300.32,1476.04,0.00,0.00,13776.36
27AAACM2468H1Z7,Maruti Suzuki India,INV-0007,2025-06-08,62001.92,0.00,1550.05,1550.05,65102.02
27AAACN1357I1Z8,Tata Motors,INV-0008,2025-06-09,142505.04,0.00,19950.71,19950.71,182406.46
07AAACO8642J1Z9,Asian Paints,INV-0009,2025-06-10,59007.95,10621.43,0.00,0.00,69629.38
27AAACP7531K1Z1,Godrej Industries,INV-0010,2025-06-11,203310.46,0.00,5082.76,5082.76,213475.98
07AAACX9999H1Z3,HDFC Bank,INV-0011,2025-06-12,190907.80,0.00,11454.47,11454.47,213816.74
07AAACY7777A1Z5,ICICI Bank,INV-0012,2025-06-13,176044.15,31687.95,0.00,0.00,207732.10
27AAACL1234Q1Z2,Larsen & Toubro,INV-0013,2025-06-14,73078.48,0.00,4384.71,4384.71,81847.90
27AAACM5678R1Z4,Mahindra & Mahindra,INV-0014,2025-06-15,239517.20,0.00,21556.55,21556.55,282630.30
27AAACA2468S1Z6,Adani Enterprises,INV-0015,2025-06-16,30041.52,8411.63,0.00,0.00,38453.15
27AAACB1357T1Z8,Bajaj Auto,INV-0016,2025-06-17,28695.51,0.00,2582.60,2582.60,33860.71
07AAACH8642U1Z1,Hindustan Unilever,INV-0017,2025-06-18,152912.88,0.00,3822.82,3822.82,160558.52
07AAACS7531V1Z3,Sun Pharma,INV-0018,2025-06-19,183784.29,9189.21,0.00,0.00,192973.50
27AAACC6420W1Z5,Coal India,INV-0019,2025-06-20,243413.36,0.00,34077.87,34077.87,311569.10
27AAACN5319X1Z7,NTPC Limited,INV-0020,2025-06-21,24306.05,0.00,2187.54,2187.54,28681.13
27AAACG1234F1Z5,Reliance Industries,INV-0021,2025-06-22,208204.14,37476.75,0.00,0.00,245680.89
27AAACH5678B1Z2,Tata Steel Limited,INV-0022,2025-06-23,146451.28,0.00,3661.28,3661.28,153773.84
07AAACI2345D1Z6,Infosys Limited,INV-0023,2025-06-24,16226.97,0.00,973.62,973.62,18174.21
27AAACJ8765E1Z3,Bharat Petroleum,INV-0024,2025-06-25,194401.74,9720.09,0.00,0.00,204121.83
27AAACK4321F1Z4,ITC Limited,INV-0025,2025-06-26,214552.84,0.00,5363.82,5363.82,225280.48
07AAACL9876G1Z1,Wipro Limited,INV-0026,2025-06-27,98130.93,0.00,13738.33,13738.33,125607.59
27AAACM2468H1Z7,Maruti Suzuki India,INV-0027,2025-06-28,160742.69,28933.68,0.00,0.00,189676.37
27AAACN1357I1Z8,Tata Motors,INV-0028,2025-06-01,44850.25,0.00,4036.52,4036.52,52923.29
07AAACO8642J1Z9,Asian Paints,INV-0029,2025-06-02,56329.22,0.00,5069.63,5069.63,66468.48
27AAACP7531K1Z1,Godrej Industries,INV-0030,2025-06-03,176945.98,8847.30,0.00,0.00,185793.28
07AAACX9999H1Z3,HDFC Bank,INV-0031,2025-06-04,154237.10,0.00,9254.23,9254.23,172745.56
07AAACY7777A1Z5,ICICI Bank,INV-0032,2025-06-05,135864.27,0.00,8151.86,8151.86,152167.99
27AAACL1234Q1Z2,Larsen & Toubro,INV-0033,2025-06-06,45033.61,12609.41,0.00,0.00,57643.02
27AAACM5678R1Z4,Mahindra & Mahindra,INV-0034,2025-06-07,71137.22,0.00,4268.23,4268.23,79673.68
27AAACA2468S1Z6,Adani Enterprises,INV-0035,2025-06-08,172730.49,0.00,4318.26,4318.26,181367.01
27AAACB1357T1Z8,Bajaj Auto,INV-0036,2025-06-09,61116.78,3055.84,0.00,0.00,64172.62
07AAACH8642U1Z1,Hindustan Unilever,INV-0037,2025-06-10,202236.22,0.00,28313.07,28313.07,258862.36
07AAACS7531V1Z3,Sun Pharma,INV-0038,2025-06-11,70596.51,0.00,4235.79,4235.79,79068.09
27AAACC6420W1Z5,Coal India,INV-0039,2025-06-12,228718.35,41169.30,0.00,0.00,269887.65
27AAACN5319X1Z7,NTPC Limited,INV-0040,2025-06-13,57093.50,0.00,7993.09,7993.09,73079.68
27AAACG1234F1Z5,Reliance Industries,INV-0041,2025-06-14,101929.82,0.00,14270.17,14270.17,130470.16
27AAACH5678B1Z2,Tata Steel Limited,INV-0042,2025-06-15,40003.54,4800.42,0.00,0.00,44803.96
07AAACI2345D1Z6,Infosys Limited,INV-0043,2025-06-16,65423.74,0.00,5888.14,5888.14,77200.02
27AAACJ8765E1Z3,Bharat Petroleum,INV-0044,2025-06-17,188018.38,0.00,26322.57,26322.57,240663.52
27AAACK4321F1Z4,ITC Limited,INV-0045,2025-06-18,224966.61,62990.65,0.00,0.00,287957.26
07AAACL9876G1Z1,Wipro Limited,INV-0046,2025-06-19,93689.13,0.00,5621.35,5621.35,104931.83
27AAACM2468H1Z7,Maruti Suzuki India,INV-0047,2025-06-20,129833.94,0.00,3245.85,3245.85,136325.64
27AAACN1357I1Z8,Tata Motors,INV-0048,2025-06-21,190166.63,9508.33,0.00,0.00,199674.96
07AAACO8642J1Z9,Asian Paints,INV-0049,2025-06-22,42446.12,0.00,2546.77,2546.77,47539.66
27AAACP7531K1Z1,Godrej Industries,INV-0050,2025-06-23,199059.44,0.00,27868.32,27868.32,254796.08
07AAACX9999H1Z3,HDFC Bank,INV-0051,2025-06-24,151120.21,42313.66,0.00,0.00,193433.87
07AAACY7777A1Z5,ICICI Bank,INV-0052,2025-06-25,98496.73,0.00,13789.54,13789.54,126075.81
27AAACL1234Q1Z2,Larsen & Toubro,INV-0053,2025-06-26,134633.01,0.00,3365.83,3365.83,141364.67
27AAACM5678R1Z4,Mahindra & Mahindra,INV-0054,2025-06-27,171669.44,8583.47,0.00,0.00,180252.91
27AAACA2468S1Z6,Adani Enterprises,INV-0055,2025-06-28,172019.04,0.00,15481.71,15481.71,202982.46
27AAACB1357T1Z8,Bajaj Auto,INV-0056,2025-06-01,193306.69,0.00,17397.60,17397.60,228101.89
07AAACH8642U1Z1,Hindustan Unilever,INV-0057,2025-06-02,32330.28,9052.48,0.00,0.00,41382.76
07AAACS7531V1Z3,Sun Pharma,INV-0058,2025-06-03,43748.65,0.00,1093.72,1093.72,45936.09
27AAACC6420W1Z5,Coal India,INV-0059,2025-06-04,238684.90,0.00,21481.64,21481.64,281648.18
27AAACN5319X1Z7,NTPC Limited,INV-0060,2025-06-05,243112.58,29173.51,0.00,0.00,272286.09
27AAACG1234F1Z5,Reliance Industries,INV-0061,2025-06-06,129382.01,0.00,3234.55,3234.55,135851.11
27AAACH5678B1Z2,Tata Steel Limited,INV-0062,2025-06-07,218277.05,0.00,19644.93,19644.93,257566.91
07AAACI2345D1Z6,Infosys Limited,INV-0063,2025-06-08,211208.99,25345.08,0.00,0.00,236554.07
27AAACJ8765E1Z3,Bharat Petroleum,INV-0064,2025-06-09,42445.62,0.00,2546.74,2546.74,47539.10
27AAACK4321F1Z4,ITC Limited,INV-0065,2025-06-10,137147.86,0.00,3428.70,3428.70,144005.26
07AAACL9876G1Z1,Wipro Limited,INV-0066,2025-06-11,151741.42,42487.60,0.00,0.00,194229.02
27AAACM2468H1Z7,Maruti Suzuki India,INV-0067,2025-06-12,9771.80,0.00,879.46,879.46,11530.72
27AAACN1357I1Z8,Tata Motors,INV-0068,2025-06-13,220286.86,0.00,19825.82,19825.82,259938.50
07AAACO8642J1Z9,Asian Paints,INV-0069,2025-06-14,63665.82,7639.90,0.00,0.00,71305.72
27AAACP7531K1Z1,Godrej Industries,INV-0070,2025-06-15,220112.35,0.00,5502.81,5502.81,231117.97
07AAACX9999H1Z3,HDFC Bank,INV-0071,2025-06-16,25985.10,0.00,3637.91,3637.91,33260.92
07AAACY7777A1Z5,ICICI Bank,INV-0072,2025-06-17,204925.70,24591.08,0.00,0.00,229516.78
27AAACL1234Q1Z2,Larsen & Toubro,INV-0073,2025-06-18,36455.91,0.00,5103.83,5103.83,46663.57
27AAACM5678R1Z4,Mahindra & Mahindra,INV-0074,2025-06-19,236977.93,0.00,14218.68,14218.68,265415.29
27AAACA2468S1Z6,Adani Enterprises,INV-0075,2025-06-20,69938.87,19582.88,0.00,0.00,89521.75
27AAACB1357T1Z8,Bajaj Auto,INV-0076,2025-06-21,241268.91,0.00,14476.13,14476.13,270221.17
07AAACH8642U1Z1,Hindustan Unilever,INV-0077,2025-06-22,179672.50,0.00,25154.15,25154.15,229980.80
07AAACS7531V1Z3,Sun Pharma,INV-0078,2025-06-23,248811.59,44786.09,0.00,0.00,293597.68
27AAACC6420W1Z5,Coal India,INV-0079,2025-06-24,112334.52,0.00,15726.83,15726.83,143788.18
27AAACN5319X1Z7,NTPC Limited,INV-0080,2025-06-25,34646.03,0.00,2078.76,2078.76,38803.55
27AAACG1234F1Z5,Reliance Industries,INV-0081,2025-06-26,20686.34,1034.32,0.00,0.00,21720.66
27AAACH5678B1Z2,Tata Steel Limited,INV-0082,2025-06-27,149135.64,0.00,8948.14,8948.14,167031.92
07AAACI2345D1Z6,Infosys Limited,INV-0083,2025-06-28,149167.83,0.00,3729.20,3729.20,156626.23
27AAACJ8765E1Z3,Bharat Petroleum,INV-0084,2025-06-01,22393.31,1119.67,0.00,0.00,23512.98
27AAACK4321F1Z4,ITC Limited,INV-0085,2025-06-02,61090.74,0.00,1527.27,1527.27,64145.28
07AAACL9876G1Z1,Wipro Limited,INV-0086,2025-06-03,215610.67,0.00,5390.27,5390.27,226391.21
27AAACM2468H1Z7,Maruti Suzuki India,INV-0087,2025-06-04,130968.25,23574.28,0.00,0.00,154542.53
27AAACN1357I1Z8,Tata Motors,INV-0088,2025-06-05,168899.56,0.00,10133.97,10133.97,189167.50
07AAACO8642J1Z9,Asian Paints,INV-0089,2025-06-06,137112.31,0.00,19195.72,19195.72,175503.75
27AAACP7531K1Z1,Godrej Industries,INV-0090,2025-06-07,64534.32,18069.61,0.00,0.00,82603.93
07AAACX9999H1Z3,HDFC Bank,INV-0091,2025-06-08,202836.76,0.00,12170.21,12170.21,227177.18
07AAACY7777A1Z5,ICICI Bank,INV-0092,2025-06-09,28109.82,0.00,3935.37,3935.37,35980.56
27AAACL1234Q1Z2,Larsen & Toubro,INV-0093,2025-06-10,91802.90,25704.81,0.00,0.00,117507.71
27AAACM5678R1Z4,Mahindra & Mahindra,INV-0094,2025-06-11,119421.04,0.00,2985.53,2985.53,125392.10
27AAACA2468S1Z6,Adani Enterprises,INV-0095,2025-06-12,169974.31,0.00,4249.36,4249.36,178473.03
27AAACB1357T1Z8,Bajaj Auto,INV-0096,2025-06-13,19850.11,3573.02,0.00,0.00,23423.13
07AAACH8642U1Z1,Hindustan Unilever,INV-0097,2025-06-14,201145.17,0.00,5028.63,5028.63,211202.43
07AAACS7531V1Z3,Sun Pharma,INV-0098,2025-06-15,65920.80,0.00,3955.25,3955.25,73831.30
27AAACC6420W1Z5,Coal India,INV-0099,2025-06-16,136390.01,16366.80,0.00,0.00,152756.81
27AAACN5319X1Z7,NTPC Limited,INV-0100,2025-06-17,108361.00,0.00,9752.49,9752.49,127865.98
27AAACG1234F1Z5,Reliance Industries,INV-0101,2025-06-18,118343.88,0.00,2958.60,2958.60,124261.08
27AAACH5678B1Z2,Tata Steel Limited,INV-0102,2025-06-19,113567.03,5678.35,0.00,0.00,119245.38
07AAACI2345D1Z6,Infosys Limited,INV-0103,2025-06-20,17394.14,0.00,434.85,434.85,18263.84
27AAACJ8765E1Z3,Bharat Petroleum,INV-0104,2025-06-21,242404.08,0.00,14544.24,14544.24,271492.56
27AAACK4321F1Z4,ITC Limited,INV-0105,2025-06-22,45746.22,12808.94,0.00,0.00,58555.16
07AAACL9876G1Z1,Wipro Limited,INV-0106,2025-06-23,122932.81,0.00,17210.59,17210.59,157353.99
27AAACM2468H1Z7,Maruti Suzuki India,INV-0107,2025-06-24,226098.50,0.00,13565.91,13565.91,253230.32
27AAACN1357I1Z8,Tata Motors,INV-0108,2025-06-25,97848.41,27397.55,0.00,0.00,125245.96
07AAACO8642J1Z9,Asian Paints,INV-0109,2025-06-26,69974.75,0.00,9796.47,9796.47,89567.69
27AAACP7531K1Z1,Godrej Industries,INV-0110,2025-06-27,74886.06,0.00,10484.05,10484.05,95854.16
07AAACX9999H1Z3,HDFC Bank,INV-0111,2025-06-28,42925.22,7726.54,0.00,0.00,50651.76
07AAACY7777A1Z5,ICICI Bank,INV-0112,2025-06-01,58336.72,0.00,1458.42,1458.42,61253.56
27AAACL1234Q1Z2,Larsen & Toubro,INV-0113,2025-06-02,146899.17,0.00,3672.48,3672.48,154244.13
27AAACM5678R1Z4,Mahindra & Mahindra,INV-0114,2025-06-03,188254.01,9412.70,0.00,0.00,197666.71
27AAACA2468S1Z6,Adani Enterprises,INV-0115,2025-06-04,17284.87,0.00,2419.88,2419.88,22124.63
27AAACB1357T1Z8,Bajaj Auto,INV-0116,2025-06-05,128198.34,0.00,7691.90,7691.90,143582.14
07AAACH8642U1Z1,Hindustan Unilever,INV-0117,2025-06-06,18935.50,946.78,0.00,0.00,19882.28
07AAACS7531V1Z3,Sun Pharma,INV-0118,2025-06-07,213578.92,0.00,5339.47,5339.47,224257.86
27AAACC6420W1Z5,Coal India,INV-0119,2025-06-08,150783.60,0.00,9047.02,9047.02,168877.64
27AAACN5319X1Z7,NTPC Limited,INV-0120,2025-06-09,103925.01,12471.00,0.00,0.00,116396.01
27AAACG1234F1Z5,Reliance Industries,INV-0121,2025-06-10,146835.17,0.00,3670.88,3670.88,154176.93
27AAACH5678B1Z2,Tata Steel Limited,INV-0122,2025-06-11,156748.47,0.00,21944.79,21944.79,200638.05
07AAACI2345D1Z6,Infosys Limited,INV-0123,2025-06-12,166056.43,29890.16,0.00,0.00,195946.59
27AAACJ8765E1Z3,Bharat Petroleum,INV-0124,2025-06-13,234003.03,0.00,14040.18,14040.18,262083.39
27AAACK4321F1Z4,ITC Limited,INV-0125,2025-06-14,169082.86,0.00,15217.46,15217.46,199517.78
07AAACL9876G1Z1,Wipro Limited,INV-0126,2025-06-15,63478.06,17773.86,0.00,0.00,81251.92
27AAACM2468H1Z7,Maruti Suzuki India,INV-0127,2025-06-16,37065.18,0.00,3335.87,3335.87,43736.92
27AAACN1357I1Z8,Tata Motors,INV-0128,2025-06-17,117020.02,0.00,2925.50,2925.50,122871.02
07AAACO8642J1Z9,Asian Paints,INV-0129,2025-06-18,7282.29,364.11,0.00,0.00,7646.40
27AAACP7531K1Z1,Godrej Industries,INV-0130,2025-06-19,22948.88,0.00,1376.93,1376.93,25702.74
07AAACX9999H1Z3,HDFC Bank,INV-0131,2025-06-20,128941.75,0.00,7736.51,7736.51,144414.77
07AAACY7777A1Z5,ICICI Bank,INV-0132,2025-06-21,233648.55,11682.43,0.00,0.00,245330.98
27AAACL1234Q1Z2,Larsen & Toubro,INV-0133,2025-06-22,220421.21,0.00,19837.91,19837.91,260097.03
27AAACM5678R1Z4,Mahindra & Mahindra,INV-0134,2025-06-23,74821.91,0.00,10475.07,10475.07,95772.05
27AAACA2468S1Z6,Adani Enterprises,INV-0135,2025-06-24,209267.51,37668.15,0.00,0.00,246935.66
27AAACB1357T1Z8,Bajaj Auto,INV-0136,2025-06-25,154861.05,0.00,3871.53,3871.53,162604.11
07AAACH8642U1Z1,Hindustan Unilever,INV-0137,2025-06-26,168626.48,0.00,15176.38,15176.38,198979.24
07AAACS7531V1Z3,Sun Pharma,INV-0138,2025-06-27,233280.23,11664.01,0.00,0.00,244944.24
27AAACC6420W1Z5,Coal India,INV-0139,2025-06-28,235037.85,0.00,14102.27,14102.27,263242.39
27AAACN5319X1Z7,NTPC Limited,INV-0140,2025-06-01,69794.15,0.00,1744.85,1744.85,73283.85
27AAACG1234F1Z5,Reliance Industries,INV-0141,2025-06-02,186892.09,22427.05,0.00,0.00,209319.14
27AAACH5678B1Z2,Tata Steel Limited,INV-0142,2025-06-03,71725.31,0.00,4303.52,4303.52,80332.35
07AAACI2345D1Z6,Infosys Limited,INV-0143,2025-06-04,180814.99,0.00,10848.90,10848.90,202512.79
27AAACJ8765E1Z3,Bharat Petroleum,INV-0144,2025-06-05,173436.80,31218.62,0.00,0.00,204655.42
27AAACK4321F1Z4,ITC Limited,INV-0145,2025-06-06,128825.22,0.00,11594.27,11594.27,152013.76
07AAACL9876G1Z1,Wipro Limited,INV-0146,2025-06-07,226807.44,0.00,5670.19,5670.19,238147.82
27AAACM2468H1Z7,Maruti Suzuki India,INV-0147,2025-06-08,27613.12,7731.67,0.00,0.00,35344.79
27AAACN1357I1Z8,Tata Motors,INV-0148,2025-06-09,208190.28,0.00,5204.76,5204.76,218599.80
07AAACO8642J1Z9,Asian Paints,INV-0149,2025-06-10,5868.69,0.00,352.12,352.12,6572.93
27AAACP7531K1Z1,Godrej Industries,INV-0150,2025-06-11,161092.78,28996.70,0.00,0.00,190089.48
07AAACX9999H1Z3,HDFC Bank,INV-0151,2025-06-12,44587.58,0.00,6242.26,6242.26,57072.10
07AAACY7777A1Z5,ICICI Bank,INV-0152,2025-06-13,140161.70,0.00,19622.64,19622.64,179406.98
27AAACL1234Q1Z2,Larsen & Toubro,INV-0153,2025-06-14,142422.18,7121.11,0.00,0.00,149543.29
27AAACM5678R1Z4,Mahindra & Mahindra,INV-0154,2025-06-15,23434.75,0.00,1406.09,1406.09,26246.93
27AAACA2468S1Z6,Adani Enterprises,INV-0155,2025-06-16,138669.62,0.00,12480.27,12480.27,163630.16
27AAACB1357T1Z8,Bajaj Auto,INV-0156,2025-06-17,147714.84,17725.78,0.00,0.00,165440.62
07AAACH8642U1Z1,Hindustan Unilever,INV-0157,2025-06-18,110297.74,0.00,2757.44,2757.44,115812.62
07AAACS7531V1Z3,Sun Pharma,INV-0158,2025-06-19,80523.30,0.00,2013.08,2013.08,84549.46
27AAACC6420W1Z5,Coal India,INV-0159,2025-06-20,225236.54,27028.38,0.00,0.00,252264.92
27AAACN5319X1Z7,NTPC Limited,INV-0160,2025-06-21,172106.34,0.00,4302.66,4302.66,180711.66
27AAACG1234F1Z5,Reliance Industries,INV-0161,2025-06-22,91651.27,0.00,12831.18,12831.18,117313.63
27AAACH5678B1Z2,Tata Steel Limited,INV-0162,2025-06-23,243590.07,29230.81,0.00,0.00,272820.88
07AAACI2345D1Z6,Infosys Limited,INV-0163,2025-06-24,231812.14,0.00,13908.73,13908.73,259629.60
27AAACJ8765E1Z3,Bharat Petroleum,INV-0164,2025-06-25,216828.40,0.00,13009.70,13009.70,242847.80
27AAACK4321F1Z4,ITC Limited,INV-0165,2025-06-26,220946.97,11047.35,0.00,0.00,231994.32
07AAACL9876G1Z1,Wipro Limited,INV-0166,2025-06-27,48943.36,0.00,4404.90,4404.90,57753.16
27AAACM2468H1Z7,Maruti Suzuki India,INV-0167,2025-06-28,196684.69,0.00,27535.86,27535.86,251756.41
27AAACN1357I1Z8,Tata Motors,INV-0168,2025-06-01,201547.61,24185.71,0.00,0.00,225733.32
07AAACO8642J1Z9,Asian Paints,INV-0169,2025-06-02,70367.40,0.00,1759.18,1759.18,73885.76
27AAACP7531K1Z1,Godrej Industries,INV-0170,2025-06-03,98722.72,0.00,2468.07,2468.07,103658.86
07AAACX9999H1Z3,HDFC Bank,INV-0171,2025-06-04,215355.35,25842.64,0.00,0.00,241197.99
07AAACY7777A1Z5,ICICI Bank,INV-0172,2025-06-05,53895.34,0.00,7545.35,7545.35,68986.04
27AAACL1234Q1Z2,Larsen & Toubro,INV-0173,2025-06-06,90666.31,0.00,5439.98,5439.98,101546.27
27AAACM5678R1Z4,Mahindra & Mahindra,INV-0174,2025-06-07,59616.27,7153.95,0.00,0.00,66770.22
27AAACA2468S1Z6,Adani Enterprises,INV-0175,2025-06-08,102624.16,0.00,9236.17,9236.17,121096.50
27AAACB1357T1Z8,Bajaj Auto,INV-0176,2025-06-09,216766.47,0.00,19508.98,19508.98,255784.43
07AAACH8642U1Z1,Hindustan Unilever,INV-0177,2025-06-10,91030.80,25488.62,0.00,0.00,116519.42
07AAACS7531V1Z3,Sun Pharma,INV-0178,2025-06-11,171481.94,0.00,15433.37,15433.37,202348.68
27AAACC6420W1Z5,Coal India,INV-0179,2025-06-12,235113.10,0.00,5877.83,5877.83,246868.76
27AAACN5319X1Z7,NTPC Limited,INV-0180,2025-06-13,219874.41,39577.39,0.00,0.00,259451.80
27AAACG1234F1Z5,Reliance Industries,INV-0181,2025-06-14,48749.11,0.00,4387.42,4387.42,57523.95
27AAACH5678B1Z2,Tata Steel Limited,INV-0182,2025-06-15,14373.01,0.00,2012.22,2012.22,18397.45
07AAACI2345D1Z6,Infosys Limited,INV-0183,2025-06-16,89693.34,16144.80,0.00,0.00,105838.14
27AAACJ8765E1Z3,Bharat Petroleum,INV-0184,2025-06-17,111916.50,0.00,2797.91,2797.91,117512.32
27AAACK4321F1Z4,ITC Limited,INV-0185,2025-06-18,99372.88,0.00,5962.37,5962.37,111297.62
07AAACL9876G1Z1,Wipro Limited,INV-0186,2025-06-19,67407.01,18873.96,0.00,0.00,86280.97
27AAACM2468H1Z7,Maruti Suzuki India,INV-0187,2025-06-20,5414.36,0.00,324.86,324.86,6064.08
27AAACN1357I1Z8,Tata Motors,INV-0188,2025-06-21,94234.26,0.00,2355.86,2355.86,98945.98
07AAACO8642J1Z9,Asian Paints,INV-0189,2025-06-22,237474.25,42745.36,0.00,0.00,280219.61
27AAACP7531K1Z1,Godrej Industries,INV-0190,2025-06-23,157673.08,0.00,3941.83,3941.83,165556.74
07AAACX9999H1Z3,HDFC Bank,INV-0191,2025-06-24,181339.79,0.00,16320.58,16320.58,213980.95
07AAACY7777A1Z5,ICICI Bank,INV-0192,2025-06-25,129245.01,36188.60,0.00,0.00,165433.61
27AAACL1234Q1Z2,Larsen & Toubro,INV-0193,2025-06-26,84914.81,0.00,7642.33,7642.33,100199.47
27AAACM5678R1Z4,Mahindra & Mahindra,INV-0194,2025-06-27,140831.06,0.00,8449.86,8449.86,157730.78
27AAACA2468S1Z6,Adani Enterprises,INV-0195,2025-06-28,108009.35,30242.62,0.00,0.00,138251.97
27AAACB1357T1Z8,Bajaj Auto,INV-0196,2025-06-01,170942.90,0.00,10256.57,10256.57,191456.04
07AAACH8642U1Z1,Hindustan Unilever,INV-0197,2025-06-02,155801.15,0.00,14022.10,14022.10,183845.35
07AAACS7531V1Z3,Sun Pharma,INV-0198,2025-06-03,104488.42,5224.42,0.00,0.00,109712.84
27AAACC6420W1Z5,Coal India,INV-0199,2025-06-04,79449.36,0.00,4766.96,4766.96,88983.28
27AAACN5319X1Z7,NTPC Limited,INV-0200,2025-06-05,110322.60,0.00,9929.03,9929.03,130180.66
27AAACG1234F1Z5,Reliance Industries,INV-0201,2025-06-06,118922.11,33298.19,0.00,0.00,152220.30
27AAACH5678B1Z2,Tata Steel Limited,INV-0202,2025-06-07,170528.67,0.00,23874.01,23874.01,218276.69
07AAACI2345D1Z6,Infosys Limited,INV-0203,2025-06-08,199465.17,0.00,11967.91,11967.91,223400.99
27AAACJ8765E1Z3,Bharat Petroleum,INV-0204,2025-06-09,166418.43,29955.32,0.00,0.00,196373.75
27AAACK4321F1Z4,ITC Limited,INV-0205,2025-06-10,131285.74,0.00,11815.72,11815.72,154917.18
07AAACL9876G1Z1,Wipro Limited,INV-0206,2025-06-11,27879.86,0.00,1672.79,1672.79,31225.44
27AAACM2468H1Z7,Maruti Suzuki India,INV-0207,2025-06-12,169834.94,20380.19,0.00,0.00,190215.13
27AAACN1357I1Z8,Tata Motors,INV-0208,2025-06-13,202607.91,0.00,12156.47,12156.47,226920.85
07AAACO8642J1Z9,Asian Paints,INV-0209,2025-06-14,10984.22,0.00,659.05,659.05,12302.32
27AAACP7531K1Z1,Godrej Industries,INV-0210,2025-06-15,246064.33,12303.22,0.00,0.00,258367.55
07AAACX9999H1Z3,HDFC Bank,INV-0211,2025-06-16,116576.96,0.00,6994.62,6994.62,130566.20
07AAACY7777A1Z5,ICICI Bank,INV-0212,2025-06-17,180994.75,0.00,25339.27,25339.27,231673.29
27AAACL1234Q1Z2,Larsen & Toubro,INV-0213,2025-06-18,126122.41,15134.69,0.00,0.00,141257.10
27AAACM5678R1Z4,Mahindra & Mahindra,INV-0214,2025-06-19,41154.98,0.00,1028.87,1028.87,43212.72
27AAACA2468S1Z6,Adani Enterprises,INV-0215,2025-06-20,223701.66,0.00,5592.54,5592.54,234886.74
27AAACB1357T1Z8,Bajaj Auto,INV-0216,2025-06-21,195713.00,23485.56,0.00,0.00,219198.56
07AAACH8642U1Z1,Hindustan Unilever,INV-0217,2025-06-22,48092.24,0.00,6732.91,6732.91,61558.06
07AAACS7531V1Z3,Sun Pharma,INV-0218,2025-06-23,17303.50,0.00,1038.21,1038.21,19379.92
27AAACC6420W1Z5,Coal India,INV-0219,2025-06-24,229780.15,11489.01,0.00,0.00,241269.16
27AAACN5319X1Z7,NTPC Limited,INV-0220,2025-06-25,116833.15,0.00,16356.64,16356.64,149546.43
27AAACG1234F1Z5,Reliance Industries,INV-0221,2025-06-26,168556.54,0.00,15170.09,15170.09,198896.72
27AAACH5678B1Z2,Tata Steel Limited,INV-0222,2025-06-27,237759.70,66572.72,0.00,0.00,304332.42
07AAACI2345D1Z6,Infosys Limited,INV-0223,2025-06-28,155099.82,0.00,21713.97,21713.97,198527.76
27AAACJ8765E1Z3,Bharat Petroleum,INV-0224,2025-06-01,208489.45,0.00,29188.52,29188.52,266866.49
27AAACK4321F1Z4,ITC Limited,INV-0225,2025-06-02,224815.99,62948.48,0.00,0.00,287764.47
07AAACL9876G1Z1,Wipro Limited,INV-0226,2025-06-03,115267.09,0.00,6916.03,6916.03,129099.15
27AAACM2468H1Z7,Maruti Suzuki India,INV-0227,2025-06-04,210766.41,0.00,18968.98,18968.98,248704.37
27AAACN1357I1Z8,Tata Motors,INV-0228,2025-06-05,192624.35,53934.82,0.00,0.00,246559.17
07AAACO8642J1Z9,Asian Paints,INV-0229,2025-06-06,158553.37,0.00,14269.80,14269.80,187092.97
27AAACP7531K1Z1,Godrej Industries,INV-0230,2025-06-07,112768.79,0.00,10149.19,10149.19,133067.17
07AAACX9999H1Z3,HDFC Bank,INV-0231,2025-06-08,62450.93,11241.17,0.00,0.00,73692.10
07AAACY7777A1Z5,ICICI Bank,INV-0232,2025-06-09,83328.84,0.00,2083.22,2083.22,87495.28
27AAACL1234Q1Z2,Larsen & Toubro,INV-0233,2025-06-10,38901.65,0.00,2334.10,2334.10,43569.85
27AAACM5678R1Z4,Mahindra & Mahindra,INV-0234,2025-06-11,98843.65,11861.24,0.00,0.00,110704.89
27AAACA2468S1Z6,Adani Enterprises,INV-0235,2025-06-12,178072.69,0.00,4451.82,4451.82,186976.33
27AAACB1357T1Z8,Bajaj Auto,INV-0236,2025-06-13,106642.63,0.00,9597.84,9597.84,125838.31
07AAACH8642U1Z1,Hindustan Unilever,INV-0237,2025-06-14,137939.73,38623.12,0.00,0.00,176562.85
07AAACS7531V1Z3,Sun Pharma,INV-0238,2025-06-15,20255.10,0.00,2835.71,2835.71,25926.52
27AAACC6420W1Z5,Coal India,INV-0239,2025-06-16,100421.82,0.00,2510.55,2510.55,105442.92
27AAACN5319X1Z7,NTPC Limited,INV-0240,2025-06-17,214899.35,60171.82,0.00,0.00,275071.17
27AAACG1234F1Z5,Reliance Industries,INV-0241,2025-06-18,121860.03,0.00,10967.40,10967.40,143794.83
27AAACH5678B1Z2,Tata Steel Limited,INV-0242,2025-06-19,78160.10,0.00,10942.41,10942.41,100044.92
07AAACI2345D1Z6,Infosys Limited,INV-0243,2025-06-20,214094.75,59946.53,0.00,0.00,274041.28
27AAACJ8765E1Z3,Bharat Petroleum,INV-0244,2025-06-21,136864.04,0.00,8211.84,8211.84,153287.72
27AAACK4321F1Z4,ITC Limited,INV-0245,2025-06-22,124616.22,0.00,11215.46,11215.46,147047.14
07AAACL9876G1Z1,Wipro Limited,INV-0246,2025-06-23,111779.81,5588.99,0.00,0.00,117368.80
27AAACM2468H1Z7,Maruti Suzuki India,INV-0247,2025-06-24,100270.01,0.00,14037.80,14037.80,128345.61
27AAACN1357I1Z8,Tata Motors,INV-0248,2025-06-25,182424.44,0.00,25539.42,25539.42,233503.28
07AAACO8642J1Z9,Asian Paints,INV-0249,2025-06-26,230287.70,11514.39,0.00,0.00,241802.09
27AAACP7531K1Z1,Godrej Industries,INV-0250,2025-06-27,227197.57,0.00,5679.94,5679.94,238557.45
07AAACX9999H1Z3,HDFC Bank,INV-0251,2025-06-28,25567.13,0.00,3579.40,3579.40,32725.93
07AAACY7777A1Z5,ICICI Bank,INV-0252,2025-06-01,38246.37,10708.98,0.00,0.00,48955.35
27AAACL1234Q1Z2,Larsen & Toubro,INV-0253,2025-06-02,49523.61,0.00,4457.12,4457.12,58437.85
27AAACM5678R1Z4,Mahindra & Mahindra,INV-0254,2025-06-03,97880.45,0.00,5872.83,5872.83,109626.11
27AAACA2468S1Z6,Adani Enterprises,INV-0255,2025-06-04,116401.33,20952.24,0.00,0.00,137353.57
27AAACB1357T1Z8,Bajaj Auto,INV-0256,2025-06-05,191501.28,0.00,26810.18,26810.18,245121.64
07AAACH8642U1Z1,Hindustan Unilever,INV-0257,2025-06-06,73172.87,0.00,10244.20,10244.20,93661.27
07AAACS7531V1Z3,Sun Pharma,INV-0258,2025-06-07,66806.53,3340.33,0.00,0.00,70146.86
27AAACC6420W1Z5,Coal India,INV-0259,2025-06-08,120225.17,0.00,3005.63,3005.63,126236.43
27AAACN5319X1Z7,NTPC Limited,INV-0260,2025-06-09,249977.42,0.00,22497.97,22497.97,294973.36
27AAACG1234F1Z5,Reliance Industries,INV-0261,2025-06-10,59934.43,2996.72,0.00,0.00,62931.15
27AAACH5678B1Z2,Tata Steel Limited,INV-0262,2025-06-11,196402.10,0.00,4910.05,4910.05,206222.20
07AAACI2345D1Z6,Infosys Limited,INV-0263,2025-06-12,189787.13,0.00,11387.23,11387.23,212561.59
27AAACJ8765E1Z3,Bharat Petroleum,INV-0264,2025-06-13,53843.37,2692.17,0.00,0.00,56535.54
27AAACK4321F1Z4,ITC Limited,INV-0265,2025-06-14,157227.24,0.00,9433.63,9433.63,176094.50
07AAACL9876G1Z1,Wipro Limited,INV-0266,2025-06-15,35924.14,0.00,898.10,898.10,37720.34
27AAACM2468H1Z7,Maruti Suzuki India,INV-0267,2025-06-16,143172.55,17180.71,0.00,0.00,160353.26
27AAACN1357I1Z8,Tata Motors,INV-0268,2025-06-17,118933.33,0.00,10704.00,10704.00,140341.33
07AAACO8642J1Z9,Asian Paints,INV-0269,2025-06-18,192890.03,0.00,11573.40,11573.40,216036.83
27AAACP7531K1Z1,Godrej Industries,INV-0270,2025-06-19,153443.71,7672.19,0.00,0.00,161115.90
07AAACX9999H1Z3,HDFC Bank,INV-0271,2025-06-20,195559.01,0.00,11733.54,11733.54,219026.09
07AAACY7777A1Z5,ICICI Bank,INV-0272,2025-06-21,241356.59,0.00,6033.91,6033.91,253424.41
27AAACL1234Q1Z2,Larsen & Toubro,INV-0273,2025-06-22,146777.76,26420.00,0.00,0.00,173197.76
27AAACM5678R1Z4,Mahindra & Mahindra,INV-0274,2025-06-23,146070.20,0.00,20449.83,20449.83,186969.86
27AAACA2468S1Z6,Adani Enterprises,INV-0275,2025-06-24,102180.34,0.00,6130.82,6130.82,114441.98
27AAACB1357T1Z8,Bajaj Auto,INV-0276,2025-06-25,23619.14,2834.30,0.00,0.00,26453.44
07AAACH8642U1Z1,Hindustan Unilever,INV-0277,2025-06-26,29965.82,0.00,2696.92,2696.92,35359.66
07AAACS7531V1Z3,Sun Pharma,INV-0278,2025-06-27,213321.84,0.00,5333.05,5333.05,223987.94
27AAACC6420W1Z5,Coal India,INV-0279,2025-06-28,200075.67,10003.78,0.00,0.00,210079.45
27AAACN5319X1Z7,NTPC Limited,INV-0280,2025-06-01,90064.92,0.00,12609.09,12609.09,115283.10
27AAACG1234F1Z5,Reliance Industries,INV-0281,2025-06-02,167072.73,0.00,4176.82,4176.82,175426.37
27AAACH5678B1Z2,Tata Steel Limited,INV-0282,2025-06-03,128960.39,23212.87,0.00,0.00,152173.26
07AAACI2345D1Z6,Infosys Limited,INV-0283,2025-06-04,8099.78,0.00,1133.97,1133.97,10367.72
27AAACJ8765E1Z3,Bharat Petroleum,INV-0284,2025-06-05,206471.07,0.00,5161.78,5161.78,216794.63
27AAACK4321F1Z4,ITC Limited,INV-0285,2025-06-06,111213.23,20018.38,0.00,0.00,131231.61
07AAACL9876G1Z1,Wipro Limited,INV-0286,2025-06-07,160718.35,0.00,22500.57,22500.57,205719.49
27AAACM2468H1Z7,Maruti Suzuki India,INV-0287,2025-06-08,178290.62,0.00,24960.69,24960.69,228212.00
27AAACN1357I1Z8,Tata Motors,INV-0288,2025-06-09,48153.56,8667.64,0.00,0.00,56821.20
07AAACO8642J1Z9,Asian Paints,INV-0289,2025-06-10,155898.53,0.00,21825.79,21825.79,199550.11
27AAACP7531K1Z1,Godrej Industries,INV-0290,2025-06-11,118894.07,0.00,10700.47,10700.47,140295.01
07AAACX9999H1Z3,HDFC Bank,INV-0291,2025-06-12,83964.62,10075.75,0.00,0.00,94040.37
07AAACY7777A1Z5,ICICI Bank,INV-0292,2025-06-13,208529.10,0.00,5213.23,5213.23,218955.56
27AAACL1234Q1Z2,Larsen & Toubro,INV-0293,2025-06-14,73337.42,0.00,10267.24,10267.24,93871.90
27AAACM5678R1Z4,Mahindra & Mahindra,INV-0294,2025-06-15,64746.54,18129.03,0.00,0.00,82875.57
27AAACA2468S1Z6,Adani Enterprises,INV-0295,2025-06-16,144613.16,0.00,20245.84,20245.84,185104.84
27AAACB1357T1Z8,Bajaj Auto,INV-0296,2025-06-17,87417.17,0.00,12238.40,12238.40,111893.97
07AAACH8642U1Z1,Hindustan Unilever,INV-0297,2025-06-18,213483.44,25618.01,0.00,0.00,239101.45
07AAACS7531V1Z3,Sun Pharma,INV-0298,2025-06-19,124449.73,0.00,11200.48,11200.48,146850.69
27AAACC6420W1Z5,Coal India,INV-0299,2025-06-20,200468.93,0.00,18042.20,18042.20,236553.33
27AAACN5319X1Z7,NTPC Limited,INV-0300,2025-06-21,73516.33,13232.94,0.00,0.00,86749.27
27AAACG1234F1Z5,Reliance Industries,INV-0301,2025-06-22,141168.80,0.00,8470.13,8470.13,158109.06
27AAACH5678B1Z2,Tata Steel Limited,INV-0302,2025-06-23,25975.18,0.00,3636.53,3636.53,33248.24
07AAACI2345D1Z6,Infosys Limited,INV-0303,2025-06-24,124701.57,14964.19,0.00,0.00,139665.76
27AAACJ8765E1Z3,Bharat Petroleum,INV-0304,2025-06-25,174199.29,0.00,24387.90,24387.90,222975.09
27AAACK4321F1Z4,ITC Limited,INV-0305,2025-06-26,114802.76,0.00,2870.07,2870.07,120542.90
07AAACL9876G1Z1,Wipro Limited,INV-0306,2025-06-27,27798.07,3335.77,0.00,0.00,31133.84
27AAACM2468H1Z7,Maruti Suzuki India,INV-0307,2025-06-28,104078.28,0.00,6244.70,6244.70,116567.68
27AAACN1357I1Z8,Tata Motors,INV-0308,2025-06-01,80020.48,0.00,7201.84,7201.84,94424.16
07AAACO8642J1Z9,Asian Paints,INV-0309,2025-06-02,120948.82,21770.79,0.00,0.00,142719.61
27AAACP7531K1Z1,Godrej Industries,INV-0310,2025-06-03,109248.43,0.00,9832.36,9832.36,128913.15
07AAACX9999H1Z3,HDFC Bank,INV-0311,2025-06-04,91193.58,0.00,12767.10,12767.10,116727.78
07AAACY7777A1Z5,ICICI Bank,INV-0312,2025-06-05,71374.52,12847.41,0.00,0.00,84221.93
27AAACL1234Q1Z2,Larsen & Toubro,INV-0313,2025-06-06,61481.82,0.00,3688.91,3688.91,68859.64
27AAACM5678R1Z4,Mahindra & Mahindra,INV-0314,2025-06-07,82309.25,0.00,4938.55,4938.55,92186.35
27AAACA2468S1Z6,Adani Enterprises,INV-0315,2025-06-08,51927.54,14539.71,0.00,0.00,66467.25
27AAACB1357T1Z8,Bajaj Auto,INV-0316,2025-06-09,72742.41,0.00,6546.82,6546.82,85836.05
07AAACH8642U1Z1,Hindustan Unilever,INV-0317,2025-06-10,245225.10,0.00,14713.51,14713.51,274652.12
07AAACS7531V1Z3,Sun Pharma,INV-0318,2025-06-11,77580.38,13964.47,0.00,0.00,91544.85
27AAACC6420W1Z5,Coal India,INV-0319,2025-06-12,48963.18,0.00,1224.08,1224.08,51411.34
27AAACN5319X1Z7,NTPC Limited,INV-0320,2025-06-13,178464.53,0.00,10707.87,10707.87,199880.27
27AAACG1234F1Z5,Reliance Industries,INV-0321,2025-06-14,72206.28,3610.31,0.00,0.00,75816.59
27AAACH5678B1Z2,Tata Steel Limited,INV-0322,2025-06-15,140572.95,0.00,8434.38,8434.38,157441.71
07AAACI2345D1Z6,Infosys Limited,INV-0323,2025-06-16,161278.07,0.00,22578.93,22578.93,206435.93
27AAACJ8765E1Z3,Bharat Petroleum,INV-0324,2025-06-17,30133.97,1506.70,0.00,0.00,31640.67
27AAACK4321F1Z4,ITC Limited,INV-0325,2025-06-18,145645.73,0.00,20390.40,20390.40,186426.53
07AAACL9876G1Z1,Wipro Limited,INV-0326,2025-06-19,122284.98,0.00,11005.65,11005.65,144296.28
27AAACM2468H1Z7,Maruti Suzuki India,INV-0327,2025-06-20,50169.10,2508.45,0.00,0.00,52677.55
27AAACN1357I1Z8,Tata Motors,INV-0328,2025-06-21,66857.21,0.00,9360.01,9360.01,85577.23
07AAACO8642J1Z9,Asian Paints,INV-0329,2025-06-22,32951.35,0.00,823.78,823.78,34598.91
27AAACP7531K1Z1,Godrej Industries,INV-0330,2025-06-23,103173.32,5158.67,0.00,0.00,108331.99
07AAACX9999H1Z3,HDFC Bank,INV-0331,2025-06-24,146370.18,0.00,3659.25,3659.25,153688.68
07AAACY7777A1Z5,ICICI Bank,INV-0332,2025-06-25,42173.12,0.00,3795.58,3795.58,49764.28
27AAACL1234Q1Z2,Larsen & Toubro,INV-0333,2025-06-26,25869.32,3104.32,0.00,0.00,28973.64
27AAACM5678R1Z4,Mahindra & Mahindra,INV-0334,2025-06-27,34020.63,0.00,4762.89,4762.89,43546.41
27AAACA2468S1Z6,Adani Enterprises,INV-0335,2025-06-28,153547.82,0.00,9212.87,9212.87,171973.56
27AAACB1357T1Z8,Bajaj Auto,INV-0336,2025-06-01,195044.92,54612.58,0.00,0.00,249657.50
07AAACH8642U1Z1,Hindustan Unilever,INV-0337,2025-06-02,115376.04,0.00,16152.65,16152.65,147681.34
07AAACS7531V1Z3,Sun Pharma,INV-0338,2025-06-03,77851.52,0.00,10899.21,10899.21,99649.94
27AAACC6420W1Z5,Coal India,INV-0339,2025-06-04,79818.16,3990.91,0.00,0.00,83809.07
27AAACN5319X1Z7,NTPC Limited,INV-0340,2025-06-05,154359.57,0.00,3858.99,3858.99,162077.55
27AAACG1234F1Z5,Reliance Industries,INV-0341,2025-06-06,237159.60,0.00,14229.58,14229.58,265618.76
27AAACH5678B1Z2,Tata Steel Limited,INV-0342,2025-06-07,158251.18,28485.21,0.00,0.00,186736.39
07AAACI2345D1Z6,Infosys Limited,INV-0343,2025-06-08,166804.89,0.00,10008.29,10008.29,186821.47
27AAACJ8765E1Z3,Bharat Petroleum,INV-0344,2025-06-09,63766.97,0.00,1594.17,1594.17,66955.31
27AAACK4321F1Z4,ITC Limited,INV-0345,2025-06-10,43350.49,12138.14,0.00,0.00,55488.63
07AAACL9876G1Z1,Wipro Limited,INV-0346,2025-06-11,115373.41,0.00,16152.28,16152.28,147677.97
27AAACM2468H1Z7,Maruti Suzuki India,INV-0347,2025-06-12,76358.53,0.00,4581.51,4581.51,85521.55
27AAACN1357I1Z8,Tata Motors,INV-0348,2025-06-13,75585.70,13605.43,0.00,0.00,89191.13
07AAACO8642J1Z9,Asian Paints,INV-0349,2025-06-14,177231.95,0.00,24812.47,24812.47,226856.89
27AAACP7531K1Z1,Godrej Industries,INV-0350,2025-06-15,22439.04,0.00,1346.34,1346.34,25131.72
07AAACX9999H1Z3,HDFC Bank,INV-0351,2025-06-16,231358.21,27762.99,0.00,0.00,259121.20
07AAACY7777A1Z5,ICICI Bank,INV-0352,2025-06-17,109159.05,0.00,6549.54,6549.54,122258.13
27AAACL1234Q1Z2,Larsen & Toubro,INV-0353,2025-06-18,163670.51,0.00,14730.35,14730.35,193131.21
27AAACM5678R1Z4,Mahindra & Mahindra,INV-0354,2025-06-19,207524.63,10376.23,0.00,0.00,217900.86
27AAACA2468S1Z6,Adani Enterprises,INV-0355,2025-06-20,19611.32,0.00,1765.02,1765.02,23141.36
27AAACB1357T1Z8,Bajaj Auto,INV-0356,2025-06-21,150785.79,0.00,13570.72,13570.72,177927.23
07AAACH8642U1Z1,Hindustan Unilever,INV-0357,2025-06-22,112592.59,31525.93,0.00,0.00,144118.52
07AAACS7531V1Z3,Sun Pharma,INV-0358,2025-06-23,173726.11,0.00,24321.66,24321.66,222369.43
27AAACC6420W1Z5,Coal India,INV-0359,2025-06-24,235955.68,0.00,33033.80,33033.80,302023.28
27AAACN5319X1Z7,NTPC Limited,INV-0360,2025-06-25,112250.92,5612.55,0.00,0.00,117863.47
27AAACG1234F1Z5,Reliance Industries,INV-0361,2025-06-26,222908.61,0.00,20061.77,20061.77,263032.15
27AAACH5678B1Z2,Tata Steel Limited,INV-0362,2025-06-27,152909.84,0.00,3822.75,3822.75,160555.34
07AAACI2345D1Z6,Infosys Limited,INV-0363,2025-06-28,27375.09,1368.75,0.00,0.00,28743.84
27AAACJ8765E1Z3,Bharat Petroleum,INV-0364,2025-06-01,249895.24,0.00,22490.57,22490.57,294876.38
27AAACK4321F1Z4,ITC Limited,INV-0365,2025-06-02,146180.51,0.00,8770.83,8770.83,163722.17
07AAACL9876G1Z1,Wipro Limited,INV-0366,2025-06-03,120272.70,33676.36,0.00,0.00,153949.06
27AAACM2468H1Z7,Maruti Suzuki India,INV-0367,2025-06-04,229437.83,0.00,13766.27,13766.27,256970.37
27AAACN1357I1Z8,Tata Motors,INV-0368,2025-06-05,249251.64,0.00,34895.23,34895.23,319042.10
07AAACO8642J1Z9,Asian Paints,INV-0369,2025-06-06,160522.26,44946.23,0.00,0.00,205468.49
27AAACP7531K1Z1,Godrej Industries,INV-0370,2025-06-07,242418.53,0.00,33938.59,33938.59,310295.71
07AAACX9999H1Z3,HDFC Bank,INV-0371,2025-06-08,90250.46,0.00,8122.54,8122.54,106495.54
07AAACY7777A1Z5,ICICI Bank,INV-0372,2025-06-09,83659.27,4182.96,0.00,0.00,87842.23
27AAACL1234Q1Z2,Larsen & Toubro,INV-0373,2025-06-10,215144.61,0.00,19363.01,19363.01,253870.63
27AAACM5678R1Z4,Mahindra & Mahindra,INV-0374,2025-06-11,105853.05,0.00,14819.43,14819.43,135491.91
27AAACA2468S1Z6,Adani Enterprises,INV-0375,2025-06-12,75613.36,21171.74,0.00,0.00,96785.10
27AAACB1357T1Z8,Bajaj Auto,INV-0376,2025-06-13,204323.68,0.00,5108.09,5108.09,214539.86
07AAACH8642U1Z1,Hindustan Unilever,INV-0377,2025-06-14,116432.35,0.00,10478.91,10478.91,137390.17
07AAACS7531V1Z3,Sun Pharma,INV-0378,2025-06-15,66837.72,3341.89,0.00,0.00,70179.61
27AAACC6420W1Z5,Coal India,INV-0379,2025-06-16,242695.26,0.00,33977.34,33977.34,310649.94
27AAACN5319X1Z7,NTPC Limited,INV-0380,2025-06-17,216903.09,0.00,5422.58,5422.58,227748.25
27AAACG1234F1Z5,Reliance Industries,INV-0381,2025-06-18,166126.79,46515.50,0.00,0.00,212642.29
27AAACH5678B1Z2,Tata Steel Limited,INV-0382,2025-06-19,106245.65,0.00,6374.74,6374.74,118995.13
07AAACI2345D1Z6,Infosys Limited,INV-0383,2025-06-20,132017.65,0.00,18482.47,18482.47,168982.59
27AAACJ8765E1Z3,Bharat Petroleum,INV-0384,2025-06-21,158225.14,7911.26,0.00,0.00,166136.40
27AAACK4321F1Z4,ITC Limited,INV-0385,2025-06-22,54871.77,0.00,3292.31,3292.31,61456.39
07AAACL9876G1Z1,Wipro Limited,INV-0386,2025-06-23,232279.83,0.00,32519.18,32519.18,297318.19
27AAACM2468H1Z7,Maruti Suzuki India,INV-0387,2025-06-24,220807.42,61826.08,0.00,0.00,282633.50
27AAACN1357I1Z8,Tata Motors,INV-0388,2025-06-25,34749.39,0.00,2084.96,2084.96,38919.31
07AAACO8642J1Z9,Asian Paints,INV-0389,2025-06-26,178896.79,0.00,16100.71,16100.71,211098.21
27AAACP7531K1Z1,Godrej Industries,INV-0390,2025-06-27,139955.56,39187.56,0.00,0.00,179143.12
07AAACX9999H1Z3,HDFC Bank,INV-0391,2025-06-28,27836.25,0.00,695.91,695.91,29228.07
07AAACY7777A1Z5,ICICI Bank,INV-0392,2025-06-01,118054.73,0.00,2951.37,2951.37,123957.47
27AAACL1234Q1Z2,Larsen & Toubro,INV-0393,2025-06-02,163688.87,19642.66,0.00,0.00,183331.53
27AAACM5678R1Z4,Mahindra & Mahindra,INV-0394,2025-06-03,127102.00,0.00,11439.18,11439.18,149980.36
27AAACA2468S1Z6,Adani Enterprises,INV-0395,2025-06-04,129673.64,0.00,11670.63,11670.63,153014.90
27AAACB1357T1Z8,Bajaj Auto,INV-0396,2025-06-05,106795.13,29902.64,0.00,0.00,136697.77
07AAACH8642U1Z1,Hindustan Unilever,INV-0397,2025-06-06,245159.93,0.00,14709.60,14709.60,274579.13
07AAACS7531V1Z3,Sun Pharma,INV-0398,2025-06-07,116912.69,0.00,7014.76,7014.76,130942.21
27AAACC6420W1Z5,Coal India,INV-0399,2025-06-08,98978.57,11877.43,0.00,0.00,110856.00
27AAACN5319X1Z7,NTPC Limited,INV-0400,2025-06-09,216686.60,0.00,19501.79,19501.79,255690.18
27AAACG1234F1Z5,Reliance Industries,INV-0401,2025-06-10,194305.41,0.00,27202.76,27202.76,248710.93
27AAACH5678B1Z2,Tata Steel Limited,INV-0402,2025-06-11,88269.43,15888.50,0.00,0.00,104157.93
07AAACI2345D1Z6,Infosys Limited,INV-0403,2025-06-12,206034.62,0.00,18543.12,18543.12,243120.86
27AAACJ8765E1Z3,Bharat Petroleum,INV-0404,2025-06-13,182882.49,0.00,25603.55,25603.55,234089.59
27AAACK4321F1Z4,ITC Limited,INV-0405,2025-06-14,216988.85,60756.88,0.00,0.00,277745.73
07AAACL9876G1Z1,Wipro Limited,INV-0406,2025-06-15,136952.24,0.00,12325.70,12325.70,161603.64
27AAACM2468H1Z7,Maruti Suzuki India,INV-0407,2025-06-16,86447.79,0.00,12102.69,12102.69,110653.17
27AAACN1357I1Z8,Tata Motors,INV-0408,2025-06-17,116559.43,20980.70,0.00,0.00,137540.13
07AAACO8642J1Z9,Asian Paints,INV-0409,2025-06-18,218052.41,0.00,13083.14,13083.14,244218.69
27AAACP7531K1Z1,Godrej Industries,INV-0410,2025-06-19,145090.42,0.00,8705.43,8705.43,162501.28
07AAACX9999H1Z3,HDFC Bank,INV-0411,2025-06-20,214723.18,60122.49,0.00,0.00,274845.67
07AAACY7777A1Z5,ICICI Bank,INV-0412,2025-06-21,15693.59,0.00,2197.10,2197.10,20087.79
27AAACL1234Q1Z2,Larsen & Toubro,INV-0413,2025-06-22,177780.83,0.00,24889.32,24889.32,227559.47
27AAACM5678R1Z4,Mahindra & Mahindra,INV-0414,2025-06-23,99589.29,11950.71,0.00,0.00,111540.00
27AAACA2468S1Z6,Adani Enterprises,INV-0415,2025-06-24,126355.52,0.00,3158.89,3158.89,132673.30
27AAACB1357T1Z8,Bajaj Auto,INV-0416,2025-06-25,35930.34,0.00,3233.73,3233.73,42397.80
07AAACH8642U1Z1,Hindustan Unilever,INV-0417,2025-06-26,218076.58,61061.44,0.00,0.00,279138.02
07AAACS7531V1Z3,Sun Pharma,INV-0418,2025-06-27,29429.37,0.00,4120.11,4120.11,37669.59
27AAACC6420W1Z5,Coal India,INV-0419,2025-06-28,8760.16,0.00,525.61,525.61,9811.38
27AAACN5319X1Z7,NTPC Limited,INV-0420,2025-06-01,105444.76,12653.37,0.00,0.00,118098.13
27AAACG1234F1Z5,Reliance Industries,INV-0421,2025-06-02,23332.92,0.00,2099.96,2099.96,27532.84
27AAACH5678B1Z2,Tata Steel Limited,INV-0422,2025-06-03,87947.50,0.00,12312.65,12312.65,112572.80
07AAACI2345D1Z6,Infosys Limited,INV-0423,2025-06-04,164209.98,29557.80,0.00,0.00,193767.78
27AAACJ8765E1Z3,Bharat Petroleum,INV-0424,2025-06-05,213823.63,0.00,29935.31,29935.31,273694.25
27AAACK4321F1Z4,ITC Limited,INV-0425,2025-06-06,238764.20,0.00,33426.99,33426.99,305618.18
07AAACL9876G1Z1,Wipro Limited,INV-0426,2025-06-07,218733.84,10936.69,0.00,0.00,229670.53
27AAACM2468H1Z7,Maruti Suzuki India,INV-0427,2025-06-08,156277.57,0.00,9376.65,9376.65,175030.87
27AAACN1357I1Z8,Tata Motors,INV-0428,2025-06-09,159634.45,0.00,14367.10,14367.10,188368.65
07AAACO8642J1Z9,Asian Paints,INV-0429,2025-06-10,249369.35,12468.47,0.00,0.00,261837.82
27AAACP7531K1Z1,Godrej Industries,INV-0430,2025-06-11,111323.01,0.00,2783.08,2783.08,116889.17
07AAACX9999H1Z3,HDFC Bank,INV-0431,2025-06-12,191290.57,0.00,4782.26,4782.26,200855.09
07AAACY7777A1Z5,ICICI Bank,INV-0432,2025-06-13,113701.25,20466.22,0.00,0.00,134167.47
27AAACL1234Q1Z2,Larsen & Toubro,INV-0433,2025-06-14,226338.90,0.00,5658.47,5658.47,237655.84
27AAACM5678R1Z4,Mahindra & Mahindra,INV-0434,2025-06-15,84471.79,0.00,2111.79,2111.79,88695.37
27AAACA2468S1Z6,Adani Enterprises,INV-0435,2025-06-16,76875.11,13837.52,0.00,0.00,90712.63
27AAACB1357T1Z8,Bajaj Auto,INV-0436,2025-06-17,110518.26,0.00,6631.10,6631.10,123780.46
07AAACH8642U1Z1,Hindustan Unilever,INV-0437,2025-06-18,135135.75,0.00,8108.14,8108.14,151352.03
07AAACS7531V1Z3,Sun Pharma,INV-0438,2025-06-19,46645.99,2332.30,0.00,0.00,48978.29
27AAACC6420W1Z5,Coal India,INV-0439,2025-06-20,154325.49,0.00,21605.57,21605.57,197536.63
27AAACN5319X1Z7,NTPC Limited,INV-0440,2025-06-21,156829.04,0.00,9409.74,9409.74,175648.52
27AAACG1234F1Z5,Reliance Industries,INV-0441,2025-06-22,126928.48,15231.42,0.00,0.00,142159.90
27AAACH5678B1Z2,Tata Steel Limited,INV-0442,2025-06-23,61886.17,0.00,5569.76,5569.76,73025.69
07AAACI2345D1Z6,Infosys Limited,INV-0443,2025-06-24,117594.77,0.00,2939.87,2939.87,123474.51
27AAACJ8765E1Z3,Bharat Petroleum,INV-0444,2025-06-25,225232.59,63065.13,0.00,0.00,288297.72
27AAACK4321F1Z4,ITC Limited,INV-0445,2025-06-26,225796.31,0.00,13547.78,13547.78,252891.87
07AAACL9876G1Z1,Wipro Limited,INV-0446,2025-06-27,23096.17,0.00,2078.66,2078.66,27253.49
27AAACM2468H1Z7,Maruti Suzuki India,INV-0447,2025-06-28,246974.67,44455.44,0.00,0.00,291430.11
27AAACN1357I1Z8,Tata Motors,INV-0448,2025-06-01,161539.98,0.00,22615.60,22615.60,206771.18
07AAACO8642J1Z9,Asian Paints,INV-0449,2025-06-02,174126.81,0.00,24377.75,24377.75,222882.31
27AAACP7531K1Z1,Godrej Industries,INV-0450,2025-06-03,212099.46,25451.94,0.00,0.00,237551.40
07AAACX9999H1Z3,HDFC Bank,INV-0451,2025-06-04,249846.52,0.00,34978.51,34978.51,319803.54
07AAACY7777A1Z5,ICICI Bank,INV-0452,2025-06-05,31130.05,0.00,4358.21,4358.21,39846.47
27AAACL1234Q1Z2,Larsen & Toubro,INV-0453,2025-06-06,145121.06,26121.79,0.00,0.00,171242.85
27AAACM5678R1Z4,Mahindra & Mahindra,INV-0454,2025-06-07,248209.55,0.00,22338.86,22338.86,292887.27
27AAACA2468S1Z6,Adani Enterprises,INV-0455,2025-06-08,10375.20,0.00,1452.53,1452.53,13280.26
27AAACB1357T1Z8,Bajaj Auto,INV-0456,2025-06-09,72247.69,3612.38,0.00,0.00,75860.07
07AAACH8642U1Z1,Hindustan Unilever,INV-0457,2025-06-10,228101.15,0.00,31934.16,31934.16,291969.47
07AAACS7531V1Z3,Sun Pharma,INV-0458,2025-06-11,209045.53,0.00,18814.10,18814.10,246673.73
27AAACC6420W1Z5,Coal India,INV-0459,2025-06-12,195056.54,23406.78,0.00,0.00,218463.32
27AAACN5319X1Z7,NTPC Limited,INV-0460,2025-06-13,153730.92,0.00,13835.78,13835.78,181402.48
27AAACG1234F1Z5,Reliance Industries,INV-0461,2025-06-14,58656.11,0.00,3519.37,3519.37,65694.85
27AAACH5678B1Z2,Tata Steel Limited,INV-0462,2025-06-15,157118.33,18854.20,0.00,0.00,175972.53
07AAACI2345D1Z6,Infosys Limited,INV-0463,2025-06-16,158920.79,0.00,3973.02,3973.02,166866.83
27AAACJ8765E1Z3,Bharat Petroleum,INV-0464,2025-06-17,80688.56,0.00,11296.40,11296.40,103281.36
27AAACK4321F1Z4,ITC Limited,INV-0465,2025-06-18,13174.31,2371.38,0.00,0.00,15545.69
07AAACL9876G1Z1,Wipro Limited,INV-0466,2025-06-19,184428.14,0.00,4610.70,4610.70,193649.54
27AAACM2468H1Z7,Maruti Suzuki India,INV-0467,2025-06-20,227858.81,0.00,20507.29,20507.29,268873.39
27AAACN1357I1Z8,Tata Motors,INV-0468,2025-06-21,188132.81,22575.94,0.00,0.00,210708.75
07AAACO8642J1Z9,Asian Paints,INV-0469,2025-06-22,54194.72,0.00,4877.52,4877.52,63949.76
27AAACP7531K1Z1,Godrej Industries,INV-0470,2025-06-23,135058.83,0.00,12155.29,12155.29,159369.41
07AAACX9999H1Z3,HDFC Bank,INV-0471,2025-06-24,208465.79,37523.84,0.00,0.00,245989.63
07AAACY7777A1Z5,ICICI Bank,INV-0472,2025-06-25,228941.99,0.00,32051.88,32051.88,293045.75
27AAACL1234Q1Z2,Larsen & Toubro,INV-0473,2025-06-26,242009.10,0.00,21780.82,21780.82,285570.74
27AAACM5678R1Z4,Mahindra & Mahindra,INV-0474,2025-06-27,187907.04,33823.27,0.00,0.00,221730.31
27AAACA2468S1Z6,Adani Enterprises,INV-0475,2025-06-28,202036.97,0.00,28285.18,28285.18,258607.33
27AAACB1357T1Z8,Bajaj Auto,INV-0476,2025-06-01,240908.86,0.00,14454.53,14454.53,269817.92
07AAACH8642U1Z1,Hindustan Unilever,INV-0477,2025-06-02,189767.12,22772.05,0.00,0.00,212539.17
07AAACS7531V1Z3,Sun Pharma,INV-0478,2025-06-03,215734.45,0.00,30202.82,30202.82,276140.09
27AAACC6420W1Z5,Coal India,INV-0479,2025-06-04,241981.09,0.00,21778.30,21778.30,285537.69
27AAACN5319X1Z7,NTPC Limited,INV-0480,2025-06-05,27124.20,7594.78,0.00,0.00,34718.98
27AAACG1234F1Z5,Reliance Industries,INV-0481,2025-06-06,8410.07,0.00,210.25,210.25,8830.57
27AAACH5678B1Z2,Tata Steel Limited,INV-0482,2025-06-07,116422.58,0.00,10478.03,10478.03,137378.64
07AAACI2345D1Z6,Infosys Limited,INV-0483,2025-06-08,148217.22,26679.10,0.00,0.00,174896.32
27AAACJ8765E1Z3,Bharat Petroleum,INV-0484,2025-06-09,31544.80,0.00,1892.69,1892.69,35330.18
27AAACK4321F1Z4,ITC Limited,INV-0485,2025-06-10,120511.83,0.00,10846.06,10846.06,142203.95
07AAACL9876G1Z1,Wipro Limited,INV-0486,2025-06-11,229237.70,27508.52,0.00,0.00,256746.22
27AAACM2468H1Z7,Maruti Suzuki India,INV-0487,2025-06-12,163674.83,0.00,22914.48,22914.48,209503.79
27AAACN1357I1Z8,Tata Motors,INV-0488,2025-06-13,227799.97,0.00,20502.00,20502.00,268803.97
07AAACO8642J1Z9,Asian Paints,INV-0489,2025-06-14,164063.66,8203.18,0.00,0.00,172266.84
27AAACP7531K1Z1,Godrej Industries,INV-0490,2025-06-15,39245.37,0.00,981.13,981.13,41207.63
07AAACX9999H1Z3,HDFC Bank,INV-0491,2025-06-16,79569.32,0.00,11139.70,11139.70,101848.72
07AAACY7777A1Z5,ICICI Bank,INV-0492,2025-06-17,33449.52,4013.94,0.00,0.00,37463.46
27AAACL1234Q1Z2,Larsen & Toubro,INV-0493,2025-06-18,222378.53,0.00,13342.71,13342.71,249063.95
27AAACM5678R1Z4,Mahindra & Mahindra,INV-0494,2025-06-19,100218.23,0.00,9019.64,9019.64,118257.51
27AAACA2468S1Z6,Adani Enterprises,INV-0495,2025-06-20,169269.12,47395.35,0.00,0.00,216664.47
27AAACB1357T1Z8,Bajaj Auto,INV-0496,2025-06-21,148898.38,0.00,8933.90,8933.90,166766.18
07AAACH8642U1Z1,Hindustan Unilever,INV-0497,2025-06-22,221926.38,0.00,5548.16,5548.16,233022.70
07AAACS7531V1Z3,Sun Pharma,INV-0498,2025-06-23,209254.81,58591.35,0.00,0.00,267846.16
27AAACC6420W1Z5,Coal India,INV-0499,2025-06-24,235068.00,0.00,21156.12,21156.12,277380.24
27AAACN5319X1Z7,NTPC Limited,INV-0500,2025-06-25,13015.49,0.00,1171.39,1171.39,15358.27
27AAACG1234F1Z5,Reliance Industries,INV-0501,2025-06-26,58231.07,16304.70,0.00,0.00,74535.77
27AAACH5678B1Z2,Tata Steel Limited,INV-0502,2025-06-27,237886.02,0.00,21409.74,21409.74,280705.50
07AAACI2345D1Z6,Infosys Limited,INV-0503,2025-06-28,29341.88,0.00,2640.77,2640.77,34623.42
27AAACJ8765E1Z3,Bharat Petroleum,INV-0504,2025-06-01,138394.14,24910.95,0.00,0.00,163305.09
27AAACK4321F1Z4,ITC Limited,INV-0505,2025-06-02,19834.77,0.00,1785.13,1785.13,23405.03
07AAACL9876G1Z1,Wipro Limited,INV-0506,2025-06-03,51503.10,0.00,1287.58,1287.58,54078.26
27AAACM2468H1Z7,Maruti Suzuki India,INV-0507,2025-06-04,237507.64,66502.14,0.00,0.00,304009.78
27AAACN1357I1Z8,Tata Motors,INV-0508,2025-06-05,27459.99,0.00,1647.60,1647.60,30755.19
07AAACO8642J1Z9,Asian Paints,INV-0509,2025-06-06,162217.59,0.00,4055.44,4055.44,170328.47
27AAACP7531K1Z1,Godrej Industries,INV-0510,2025-06-07,17391.74,3130.51,0.00,0.00,20522.25
07AAACX9999H1Z3,HDFC Bank,INV-0511,2025-06-08,64674.38,0.00,3880.46,3880.46,72435.30
07AAACY7777A1Z5,ICICI Bank,INV-0512,2025-06-09,197809.63,0.00,11868.58,11868.58,221546.79
27AAACL1234Q1Z2,Larsen & Toubro,INV-0513,2025-06-10,21809.49,2617.14,0.00,0.00,24426.63
27AAACM5678R1Z4,Mahindra & Mahindra,INV-0514,2025-06-11,148663.86,0.00,8919.83,8919.83,166503.52
27AAACA2468S1Z6,Adani Enterprises,INV-0515,2025-06-12,85497.09,0.00,5129.83,5129.83,95756.75
27AAACB1357T1Z8,Bajaj Auto,INV-0516,2025-06-13,198217.72,9910.89,0.00,0.00,208128.61
07AAACH8642U1Z1,Hindustan Unilever,INV-0517,2025-06-14,72932.34,0.00,4375.94,4375.94,81684.22
07AAACS7531V1Z3,Sun Pharma,INV-0518,2025-06-15,246944.19,0.00,22224.98,22224.98,291394.15
27AAACC6420W1Z5,Coal India,INV-0519,2025-06-16,200635.89,10031.79,0.00,0.00,210667.68
27AAACN5319X1Z7,NTPC Limited,INV-0520,2025-06-17,166959.12,0.00,4173.98,4173.98,175307.08
27AAACG1234F1Z5,Reliance Industries,INV-0521,2025-06-18,37291.79,0.00,3356.26,3356.26,44004.31
27AAACH5678B1Z2,Tata Steel Limited,INV-0522,2025-06-19,198546.24,23825.55,0.00,0.00,222371.79
07AAACI2345D1Z6,Infosys Limited,INV-0523,2025-06-20,149268.97,0.00,3731.72,3731.72,156732.41
27AAACJ8765E1Z3,Bharat Petroleum,INV-0524,2025-06-21,47690.32,0.00,1192.26,1192.26,50074.84
27AAACK4321F1Z4,ITC Limited,INV-0525,2025-06-22,36055.84,10095.64,0.00,0.00,46151.48
07AAACL9876G1Z1,Wipro Limited,INV-0526,2025-06-23,133890.95,0.00,3347.27,3347.27,140585.49
27AAACM2468H1Z7,Maruti Suzuki India,INV-0527,2025-06-24,121680.26,0.00,10951.22,10951.22,143582.70
27AAACN1357I1Z8,Tata Motors,INV-0528,2025-06-25,130743.30,6537.17,0.00,0.00,137280.47
07AAACO8642J1Z9,Asian Paints,INV-0529,2025-06-26,115741.33,0.00,6944.48,6944.48,129630.29
27AAACP7531K1Z1,Godrej Industries,INV-0530,2025-06-27,236626.83,0.00,5915.67,5915.67,248458.17
07AAACX9999H1Z3,HDFC Bank,INV-0531,2025-06-28,183174.53,32971.42,0.00,0.00,216145.95
07AAACY7777A1Z5,ICICI Bank,INV-0532,2025-06-01,117220.42,0.00,2930.51,2930.51,123081.44
27AAACL1234Q1Z2,Larsen & Toubro,INV-0533,2025-06-02,19902.22,0.00,2786.31,2786.31,25474.84
27AAACM5678R1Z4,Mahindra & Mahindra,INV-0534,2025-06-03,212588.14,59524.68,0.00,0.00,272112.82
27AAACA2468S1Z6,Adani Enterprises,INV-0535,2025-06-04,173093.89,0.00,24233.14,24233.14,221560.17
27AAACB1357T1Z8,Bajaj Auto,INV-0536,2025-06-05,179538.32,0.00,25135.36,25135.36,229809.04
07AAACH8642U1Z1,Hindustan Unilever,INV-0537,2025-06-06,23005.23,1150.26,0.00,0.00,24155.49
07AAACS7531V1Z3,Sun Pharma,INV-0538,2025-06-07,83917.40,0.00,5035.04,5035.04,93987.48
27AAACC6420W1Z5,Coal India,INV-0539,2025-06-08,21092.15,0.00,1898.29,1898.29,24888.73
27AAACN5319X1Z7,NTPC Limited,INV-0540,2025-06-09,157957.79,28432.40,0.00,0.00,186390.19
27AAACG1234F1Z5,Reliance Industries,INV-0541,2025-06-10,98321.58,0.00,8848.94,8848.94,116019.46
27AAACH5678B1Z2,Tata Steel Limited,INV-0542,2025-06-11,116160.28,0.00,16262.44,16262.44,148685.16
07AAACI2345D1Z6,Infosys Limited,INV-0543,2025-06-12,29298.72,1464.94,0.00,0.00,30763.66
27AAACJ8765E1Z3,Bharat Petroleum,INV-0544,2025-06-13,213934.22,0.00,12836.05,12836.05,239606.32
27AAACK4321F1Z4,ITC Limited,INV-0545,2025-06-14,110367.14,0.00,6622.03,6622.03,123611.20
07AAACL9876G1Z1,Wipro Limited,INV-0546,2025-06-15,106384.32,29787.61,0.00,0.00,136171.93
27AAACM2468H1Z7,Maruti Suzuki India,INV-0547,2025-06-16,102688.90,0.00,2567.22,2567.22,107823.34
27AAACN1357I1Z8,Tata Motors,INV-0548,2025-06-17,81574.35,0.00,7341.69,7341.69,96257.73
07AAACO8642J1Z9,Asian Paints,INV-0549,2025-06-18,167951.43,30231.26,0.00,0.00,198182.69
27AAACP7531K1Z1,Godrej Industries,INV-0550,2025-06-19,238630.17,0.00,33408.22,33408.22,305446.61
07AAACX9999H1Z3,HDFC Bank,INV-0551,2025-06-20,21447.66,0.00,536.19,536.19,22520.04
07AAACY7777A1Z5,ICICI Bank,INV-0552,2025-06-21,27841.37,1392.07,0.00,0.00,29233.44
27AAACL1234Q1Z2,Larsen & Toubro,INV-0553,2025-06-22,187424.30,0.00,16868.19,16868.19,221160.68
27AAACM5678R1Z4,Mahindra & Mahindra,INV-0554,2025-06-23,203883.47,0.00,5097.09,5097.09,214077.65
27AAACA2468S1Z6,Adani Enterprises,INV-0555,2025-06-24,148683.95,26763.11,0.00,0.00,175447.06
27AAACB1357T1Z8,Bajaj Auto,INV-0556,2025-06-25,169153.25,0.00,23681.46,23681.46,216516.17
07AAACH8642U1Z1,Hindustan Unilever,INV-0557,2025-06-26,91631.53,0.00,12828.41,12828.41,117288.35
07AAACS7531V1Z3,Sun Pharma,INV-0558,2025-06-27,217682.58,10884.13,0.00,0.00,228566.71
27AAACC6420W1Z5,Coal India,INV-0559,2025-06-28,242257.66,0.00,21803.19,21803.19,285864.04
27AAACN5319X1Z7,NTPC Limited,INV-0560,2025-06-01,91153.32,0.00,5469.20,5469.20,102091.72
27AAACG1234F1Z5,Reliance Industries,INV-0561,2025-06-02,42908.89,12014.49,0.00,0.00,54923.38
27AAACH5678B1Z2,Tata Steel Limited,INV-0562,2025-06-03,59939.99,0.00,1498.50,1498.50,62936.99
07AAACI2345D1Z6,Infosys Limited,INV-0563,2025-06-04,90777.93,0.00,8170.01,8170.01,107117.95
27AAACJ8765E1Z3,Bharat Petroleum,INV-0564,2025-06-05,33146.90,5966.44,0.00,0.00,39113.34
27AAACK4321F1Z4,ITC Limited,INV-0565,2025-06-06,145654.50,0.00,20391.63,20391.63,186437.76
07AAACL9876G1Z1,Wipro Limited,INV-0566,2025-06-07,212063.01,0.00,5301.58,5301.58,222666.17
27AAACM2468H1Z7,Maruti Suzuki India,INV-0567,2025-06-08,154203.75,27756.67,0.00,0.00,181960.42
27AAACN1357I1Z8,Tata Motors,INV-0568,2025-06-09,12093.53,0.00,1088.42,1088.42,14270.37
07AAACO8642J1Z9,Asian Paints,INV-0569,2025-06-10,177161.20,0.00,15944.51,15944.51,209050.22
27AAACP7531K1Z1,Godrej Industries,INV-0570,2025-06-11,230776.69,41539.80,0.00,0.00,272316.49
07AAACX9999H1Z3,HDFC Bank,INV-0571,2025-06-12,6495.92,0.00,389.76,389.76,7275.44
07AAACY7777A1Z5,ICICI Bank,INV-0572,2025-06-13,143748.67,0.00,20124.81,20124.81,183998.29
27AAACL1234Q1Z2,Larsen & Toubro,INV-0573,2025-06-14,22048.43,1102.42,0.00,0.00,23150.85
27AAACM5678R1Z4,Mahindra & Mahindra,INV-0574,2025-06-15,27480.63,0.00,1648.84,1648.84,30778.31
27AAACA2468S1Z6,Adani Enterprises,INV-0575,2025-06-16,97167.63,0.00,13603.47,13603.47,124374.57
27AAACB1357T1Z8,Bajaj Auto,INV-0576,2025-06-17,88519.52,15933.51,0.00,0.00,104453.03
07AAACH8642U1Z1,Hindustan Unilever,INV-0577,2025-06-18,81351.16,0.00,7321.60,7321.60,95994.36
07AAACS7531V1Z3,Sun Pharma,INV-0578,2025-06-19,195324.73,0.00,4883.12,4883.12,205090.97
27AAACC6420W1Z5,Coal India,INV-0579,2025-06-20,221418.84,26570.26,0.00,0.00,247989.10
27AAACN5319X1Z7,NTPC Limited,INV-0580,2025-06-21,43565.42,0.00,1089.14,1089.14,45743.70
27AAACG1234F1Z5,Reliance Industries,INV-0581,2025-06-22,170122.33,0.00,15311.01,15311.01,200744.35
27AAACH5678B1Z2,Tata Steel Limited,INV-0582,2025-06-23,113562.68,31797.55,0.00,0.00,145360.23
07AAACI2345D1Z6,Infosys Limited,INV-0583,2025-06-24,123987.12,0.00,17358.20,17358.20,158703.52
27AAACJ8765E1Z3,Bharat Petroleum,INV-0584,2025-06-25,106475.02,0.00,6388.50,6388.50,119252.02
27AAACK4321F1Z4,ITC Limited,INV-0585,2025-06-26,189961.07,9498.05,0.00,0.00,199459.12
07AAACL9876G1Z1,Wipro Limited,INV-0586,2025-06-27,89567.35,0.00,2239.18,2239.18,94045.71
27AAACM2468H1Z7,Maruti Suzuki India,INV-0587,2025-06-28,74395.39,0.00,10415.35,10415.35,95226.09
27AAACN1357I1Z8,Tata Motors,INV-0588,2025-06-01,134098.86,24137.79,0.00,0.00,158236.65
07AAACO8642J1Z9,Asian Paints,INV-0589,2025-06-02,16127.25,0.00,2257.82,2257.82,20642.89
27AAACP7531K1Z1,Godrej Industries,INV-0590,2025-06-03,246189.19,0.00,6154.73,6154.73,258498.65
07AAACX9999H1Z3,HDFC Bank,INV-0591,2025-06-04,6883.34,1239.00,0.00,0.00,8122.34
07AAACY7777A1Z5,ICICI Bank,INV-0592,2025-06-05,236604.40,0.00,14196.26,14196.26,264996.92
27AAACL1234Q1Z2,Larsen & Toubro,INV-0593,2025-06-06,192219.42,0.00,17299.75,17299.75,226818.92
27AAACM5678R1Z4,Mahindra & Mahindra,INV-0594,2025-06-07,85389.98,4269.50,0.00,0.00,89659.48
27AAACA2468S1Z6,Adani Enterprises,INV-0595,2025-06-08,126859.41,0.00,17760.32,17760.32,162380.05
27AAACB1357T1Z8,Bajaj Auto,INV-0596,2025-06-09,48045.23,0.00,6726.33,6726.33,61497.89
07AAACH8642U1Z1,Hindustan Unilever,INV-0597,2025-06-10,135482.68,16257.92,0.00,0.00,151740.60
07AAACS7531V1Z3,Sun Pharma,INV-0598,2025-06-11,127564.27,0.00,11480.78,11480.78,150525.83
27AAACC6420W1Z5,Coal India,INV-0599,2025-06-12,22658.50,0.00,566.46,566.46,23791.42
27AAACN5319X1Z7,NTPC Limited,INV-0600,2025-06-13,111873.80,31324.66,0.00,0.00,143198.46
27AAACG1234F1Z5,Reliance Industries,INV-0601,2025-06-14,230684.80,0.00,20761.63,20761.63,272208.06
27AAACH5678B1Z2,Tata Steel Limited,INV-0602,2025-06-15,146060.99,0.00,20448.54,20448.54,186958.07
07AAACI2345D1Z6,Infosys Limited,INV-0603,2025-06-16,178827.25,50071.63,0.00,0.00,228898.88
27AAACJ8765E1Z3,Bharat Petroleum,INV-0604,2025-06-17,75931.23,0.00,10630.37,10630.37,97191.97
27AAACK4321F1Z4,ITC Limited,INV-0605,2025-06-18,10109.86,0.00,909.89,909.89,11929.64
07AAACL9876G1Z1,Wipro Limited,INV-0606,2025-06-19,47108.93,13190.50,0.00,0.00,60299.43
27AAACM2468H1Z7,Maruti Suzuki India,INV-0607,2025-06-20,208846.35,0.00,18796.17,18796.17,246438.69
27AAACN1357I1Z8,Tata Motors,INV-0608,2025-06-21,26591.82,0.00,664.80,664.80,27921.42
07AAACO8642J1Z9,Asian Paints,INV-0609,2025-06-22,64612.54,18091.51,0.00,0.00,82704.05
27AAACP7531K1Z1,Godrej Industries,INV-0610,2025-06-23,133370.82,0.00,18671.91,18671.91,170714.64
07AAACX9999H1Z3,HDFC Bank,INV-0611,2025-06-24,218278.48,0.00,19645.06,19645.06,257568.60
07AAACY7777A1Z5,ICICI Bank,INV-0612,2025-06-25,59285.15,7114.22,0.00,0.00,66399.37
27AAACL1234Q1Z2,Larsen & Toubro,INV-0613,2025-06-26,23712.95,0.00,592.82,592.82,24898.59
27AAACM5678R1Z4,Mahindra & Mahindra,INV-0614,2025-06-27,134998.18,0.00,8099.89,8099.89,151197.96
27AAACA2468S1Z6,Adani Enterprises,INV-0615,2025-06-28,226951.07,40851.19,0.00,0.00,267802.26
27AAACB1357T1Z8,Bajaj Auto,INV-0616,2025-06-01,91019.44,0.00,5461.17,5461.17,101941.78
07AAACH8642U1Z1,Hindustan Unilever,INV-0617,2025-06-02,62885.87,0.00,3773.15,3773.15,70432.17
07AAACS7531V1Z3,Sun Pharma,INV-0618,2025-06-03,67712.21,8125.47,0.00,0.00,75837.68
27AAACC6420W1Z5,Coal India,INV-0619,2025-06-04,152587.75,0.00,3814.69,3814.69,160217.13
27AAACN5319X1Z7,NTPC Limited,INV-0620,2025-06-05,48400.80,0.00,6776.11,6776.11,61953.02
27AAACG1234F1Z5,Reliance Industries,INV-0621,2025-06-06,118668.50,33227.18,0.00,0.00,151895.68
27AAACH5678B1Z2,Tata Steel Limited,INV-0622,2025-06-07,171877.70,0.00,15468.99,15468.99,202815.68
07AAACI2345D1Z6,Infosys Limited,INV-0623,2025-06-08,216740.48,0.00,19506.64,19506.64,255753.76
27AAACJ8765E1Z3,Bharat Petroleum,INV-0624,2025-06-09,41984.56,2099.23,0.00,0.00,44083.79
27AAACK4321F1Z4,ITC Limited,INV-0625,2025-06-10,119885.67,0.00,10789.71,10789.71,141465.09
07AAACL9876G1Z1,Wipro Limited,INV-0626,2025-06-11,200100.77,0.00,5002.52,5002.52,210105.81
27AAACM2468H1Z7,Maruti Suzuki India,INV-0627,2025-06-12,91225.84,4561.29,0.00,0.00,95787.13
27AAACN1357I1Z8,Tata Motors,INV-0628,2025-06-13,81049.92,0.00,11346.99,11346.99,103743.90
07AAACO8642J1Z9,Asian Paints,INV-0629,2025-06-14,14213.78,0.00,1279.24,1279.24,16772.26
27AAACP7531K1Z1,Godrej Industries,INV-0630,2025-06-15,208765.67,10438.28,0.00,0.00,219203.95
07AAACX9999H1Z3,HDFC Bank,INV-0631,2025-06-16,162943.29,0.00,4073.58,4073.58,171090.45
07AAACY7777A1Z5,ICICI Bank,INV-0632,2025-06-17,155677.06,0.00,21794.79,21794.79,199266.64
27AAACL1234Q1Z2,Larsen & Toubro,INV-0633,2025-06-18,118364.36,5918.22,0.00,0.00,124282.58
27AAACM5678R1Z4,Mahindra & Mahindra,INV-0634,2025-06-19,115184.76,0.00,6911.09,6911.09,129006.94
27AAACA2468S1Z6,Adani Enterprises,INV-0635,2025-06-20,83774.06,0.00,11728.37,11728.37,107230.80
27AAACB1357T1Z8,Bajaj Auto,INV-0636,2025-06-21,127834.99,6391.75,0.00,0.00,134226.74
07AAACH8642U1Z1,Hindustan Unilever,INV-0637,2025-06-22,115378.16,0.00,10384.03,10384.03,136146.22
07AAACS7531V1Z3,Sun Pharma,INV-0638,2025-06-23,245684.47,0.00,6142.11,6142.11,257968.69
27AAACC6420W1Z5,Coal India,INV-0639,2025-06-24,128614.51,15433.74,0.00,0.00,144048.25
27AAACN5319X1Z7,NTPC Limited,INV-0640,2025-06-25,14589.82,0.00,2042.57,2042.57,18674.96
27AAACG1234F1Z5,Reliance Industries,INV-0641,2025-06-26,247791.58,0.00,14867.49,14867.49,277526.56
27AAACH5678B1Z2,Tata Steel Limited,INV-0642,2025-06-27,94155.00,16947.90,0.00,0.00,111102.90
07AAACI2345D1Z6,Infosys Limited,INV-0643,2025-06-28,99917.06,0.00,8992.54,8992.54,117902.14
27AAACJ8765E1Z3,Bharat Petroleum,INV-0644,2025-06-01,171329.94,0.00,4283.25,4283.25,179896.44
27AAACK4321F1Z4,ITC Limited,INV-0645,2025-06-02,198360.60,35704.91,0.00,0.00,234065.51
07AAACL9876G1Z1,Wipro Limited,INV-0646,2025-06-03,21148.40,0.00,528.71,528.71,22205.82
27AAACM2468H1Z7,Maruti Suzuki India,INV-0647,2025-06-04,141700.99,0.00,19838.14,19838.14,181377.27
27AAACN1357I1Z8,Tata Motors,INV-0648,2025-06-05,74616.01,8953.92,0.00,0.00,83569.93
07AAACO8642J1Z9,Asian Paints,INV-0649,2025-06-06,86673.70,0.00,5200.42,5200.42,97074.54
27AAACP7531K1Z1,Godrej Industries,INV-0650,2025-06-07,229602.88,0.00,20664.26,20664.26,270931.40
07AAACX9999H1Z3,HDFC Bank,INV-0651,2025-06-08,242085.64,67783.98,0.00,0.00,309869.62
07AAACY7777A1Z5,ICICI Bank,INV-0652,2025-06-09,36593.16,0.00,914.83,914.83,38422.82
27AAACL1234Q1Z2,Larsen & Toubro,INV-0653,2025-06-10,80847.56,0.00,11318.66,11318.66,103484.88
27AAACM5678R1Z4,Mahindra & Mahindra,INV-0654,2025-06-11,162655.85,29278.05,0.00,0.00,191933.90
27AAACA2468S1Z6,Adani Enterprises,INV-0655,2025-06-12,204230.27,0.00,5105.76,5105.76,214441.79
27AAACB1357T1Z8,Bajaj Auto,INV-0656,2025-06-13,163276.08,0.00,22858.65,22858.65,208993.38
07AAACH8642U1Z1,Hindustan Unilever,INV-0657,2025-06-14,129579.68,6478.98,0.00,0.00,136058.66
07AAACS7531V1Z3,Sun Pharma,INV-0658,2025-06-15,93836.43,0.00,5630.19,5630.19,105096.81
27AAACC6420W1Z5,Coal India,INV-0659,2025-06-16,238036.48,0.00,21423.28,21423.28,280883.04
27AAACN5319X1Z7,NTPC Limited,INV-0660,2025-06-17,237178.73,66410.04,0.00,0.00,303588.77
27AAACG1234F1Z5,Reliance Industries,INV-0661,2025-06-18,52041.28,0.00,3122.48,3122.48,58286.24
27AAACH5678B1Z2,Tata Steel Limited,INV-0662,2025-06-19,42961.57,0.00,3866.54,3866.54,50694.65
07AAACI2345D1Z6,Infosys Limited,INV-0663,2025-06-20,211884.96,10594.25,0.00,0.00,222479.21
27AAACJ8765E1Z3,Bharat Petroleum,INV-0664,2025-06-21,129383.98,0.00,3234.60,3234.60,135853.18
27AAACK4321F1Z4,ITC Limited,INV-0665,2025-06-22,167172.66,0.00,10030.36,10030.36,187233.38
07AAACL9876G1Z1,Wipro Limited,INV-0666,2025-06-23,151325.38,18159.05,0.00,0.00,169484.43
27AAACM2468H1Z7,Maruti Suzuki India,INV-0667,2025-06-24,44750.57,0.00,2685.03,2685.03,50120.63
27AAACN1357I1Z8,Tata Motors,INV-0668,2025-06-25,181689.83,0.00,4542.25,4542.25,190774.33
07AAACO8642J1Z9,Asian Paints,INV-0669,2025-06-26,105660.36,12679.24,0.00,0.00,118339.60
27AAACP7531K1Z1,Godrej Industries,INV-0670,2025-06-27,242549.21,0.00,21829.43,21829.43,286208.07
07AAACX9999H1Z3,HDFC Bank,INV-0671,2025-06-28,189335.84,0.00,26507.02,26507.02,242349.88
07AAACY7777A1Z5,ICICI Bank,INV-0672,2025-06-01,62330.72,7479.69,0.00,0.00,69810.41
27AAACL1234Q1Z2,Larsen & Toubro,INV-0673,2025-06-02,80819.63,0.00,11314.75,11314.75,103449.13
27AAACM5678R1Z4,Mahindra & Mahindra,INV-0674,2025-06-03,226473.71,0.00,13588.42,13588.42,253650.55
27AAACA2468S1Z6,Adani Enterprises,INV-0675,2025-06-04,95121.03,26633.89,0.00,0.00,121754.92
27AAACB1357T1Z8,Bajaj Auto,INV-0676,2025-06-05,118111.59,0.00,10630.04,10630.04,139371.67
07AAACH8642U1Z1,Hindustan Unilever,INV-0677,2025-06-06,195640.39,0.00,27389.65,27389.65,250419.69
07AAACS7531V1Z3,Sun Pharma,INV-0678,2025-06-07,241735.70,29008.28,0.00,0.00,270743.98
27AAACC6420W1Z5,Coal India,INV-0679,2025-06-08,201308.51,0.00,12078.51,12078.51,225465.53
27AAACN5319X1Z7,NTPC Limited,INV-0680,2025-06-09,218885.47,0.00,5472.14,5472.14,229829.75
27AAACG1234F1Z5,Reliance Industries,INV-0681,2025-06-10,162088.86,29175.99,0.00,0.00,191264.85
27AAACH5678B1Z2,Tata Steel Limited,INV-0682,2025-06-11,140862.48,0.00,3521.56,3521.56,147905.60
07AAACI2345D1Z6,Infosys Limited,INV-0683,2025-06-12,179293.24,0.00,4482.33,4482.33,188257.90
27AAACJ8765E1Z3,Bharat Petroleum,INV-0684,2025-06-13,74840.44,8980.85,0.00,0.00,83821.29
27AAACK4321F1Z4,ITC Limited,INV-0685,2025-06-14,71833.87,0.00,4310.03,4310.03,80453.93
07AAACL9876G1Z1,Wipro Limited,INV-0686,2025-06-15,208606.45,0.00,5215.16,5215.16,219036.77
27AAACM2468H1Z7,Maruti Suzuki India,INV-0687,2025-06-16,236871.25,28424.55,0.00,0.00,265295.80
27AAACN1357I1Z8,Tata Motors,INV-0688,2025-06-17,205092.30,0.00,18458.31,18458.31,242008.92
07AAACO8642J1Z9,Asian Paints,INV-0689,2025-06-18,232965.62,0.00,32615.19,32615.19,298196.00
27AAACP7531K1Z1,Godrej Industries,INV-0690,2025-06-19,18047.94,3248.63,0.00,0.00,21296.57
07AAACX9999H1Z3,HDFC Bank,INV-0691,2025-06-20,62765.63,0.00,1569.14,1569.14,65903.91
07AAACY7777A1Z5,ICICI Bank,INV-0692,2025-06-21,96853.60,0.00,2421.34,2421.34,101696.28
27AAACL1234Q1Z2,Larsen & Toubro,INV-0693,2025-06-22,83077.79,4153.89,0.00,0.00,87231.68
27AAACM5678R1Z4,Mahindra & Mahindra,INV-0694,2025-06-23,210598.19,0.00,18953.84,18953.84,248505.87
27AAACA2468S1Z6,Adani Enterprises,INV-0695,2025-06-24,198888.26,0.00,11933.30,11933.30,222754.86
27AAACB1357T1Z8,Bajaj Auto,INV-0696,2025-06-25,14384.28,4027.60,0.00,0.00,18411.88
07AAACH8642U1Z1,Hindustan Unilever,INV-0697,2025-06-26,175537.64,0.00,10532.26,10532.26,196602.16
07AAACS7531V1Z3,Sun Pharma,INV-0698,2025-06-27,190916.08,0.00,26728.25,26728.25,244372.58
27AAACC6420W1Z5,Coal India,INV-0699,2025-06-28,114907.36,5745.37,0.00,0.00,120652.73
27AAACN5319X1Z7,NTPC Limited,INV-0700,2025-06-01,226935.08,0.00,5673.38,5673.38,238281.84
27AAACG1234F1Z5,Reliance Industries,INV-0701,2025-06-02,67701.36,0.00,4062.08,4062.08,75825.52
27AAACH5678B1Z2,Tata Steel Limited,INV-0702,2025-06-03,139457.04,39047.97,0.00,0.00,178505.01
07AAACI2345D1Z6,Infosys Limited,INV-0703,2025-06-04,32240.78,0.00,2901.67,2901.67,38044.12
27AAACJ8765E1Z3,Bharat Petroleum,INV-0704,2025-06-05,63221.86,0.00,1580.55,1580.55,66382.96
27AAACK4321F1Z4,ITC Limited,INV-0705,2025-06-06,16698.61,4675.61,0.00,0.00,21374.22
07AAACL9876G1Z1,Wipro Limited,INV-0706,2025-06-07,161543.17,0.00,22616.04,22616.04,206775.25
27AAACM2468H1Z7,Maruti Suzuki India,INV-0707,2025-06-08,20387.75,0.00,2854.29,2854.29,26096.33
27AAACN1357I1Z8,Tata Motors,INV-0708,2025-06-09,151201.07,7560.05,0.00,0.00,158761.12
07AAACO8642J1Z9,Asian Paints,INV-0709,2025-06-10,159828.96,0.00,9589.74,9589.74,179008.44
27AAACP7531K1Z1,Godrej Industries,INV-0710,2025-06-11,181043.36,0.00,16293.90,16293.90,213631.16
07AAACX9999H1Z3,HDFC Bank,INV-0711,2025-06-12,110163.53,19829.44,0.00,0.00,129992.97
07AAACY7777A1Z5,ICICI Bank,INV-0712,2025-06-13,63938.24,0.00,8951.35,8951.35,81840.94
27AAACL1234Q1Z2,Larsen & Toubro,INV-0713,2025-06-14,50891.91,0.00,1272.30,1272.30,53436.51
27AAACM5678R1Z4,Mahindra & Mahindra,INV-0714,2025-06-15,133253.72,23985.67,0.00,0.00,157239.39
27AAACA2468S1Z6,Adani Enterprises,INV-0715,2025-06-16,21581.43,0.00,539.54,539.54,22660.51
27AAACB1357T1Z8,Bajaj Auto,INV-0716,2025-06-17,100661.16,0.00,14092.56,14092.56,128846.28
07AAACH8642U1Z1,Hindustan Unilever,INV-0717,2025-06-18,15665.93,4386.46,0.00,0.00,20052.39
07AAACS7531V1Z3,Sun Pharma,INV-0718,2025-06-19,245354.66,0.00,22081.92,22081.92,289518.50
27AAACC6420W1Z5,Coal India,INV-0719,2025-06-20,188092.56,0.00,16928.33,16928.33,221949.22
27AAACN5319X1Z7,NTPC Limited,INV-0720,2025-06-21,198187.40,35673.73,0.00,0.00,233861.13
27AAACG1234F1Z5,Reliance Industries,INV-0721,2025-06-22,64075.85,0.00,1601.90,1601.90,67279.65
27AAACH5678B1Z2,Tata Steel Limited,INV-0722,2025-06-23,194017.84,0.00,17461.61,17461.61,228941.06
07AAACI2345D1Z6,Infosys Limited,INV-0723,2025-06-24,37685.35,6783.36,0.00,0.00,44468.71
27AAACJ8765E1Z3,Bharat Petroleum,INV-0724,2025-06-25,138773.37,0.00,8326.40,8326.40,155426.17
27AAACK4321F1Z4,ITC Limited,INV-0725,2025-06-26,208444.00,0.00,29182.16,29182.16,266808.32
07AAACL9876G1Z1,Wipro Limited,INV-0726,2025-06-27,245300.70,68684.20,0.00,0.00,313984.90
27AAACM2468H1Z7,Maruti Suzuki India,INV-0727,2025-06-28,159775.28,0.00,9586.52,9586.52,178948.32
27AAACN1357I1Z8,Tata Motors,INV-0728,2025-06-01,20459.63,0.00,2864.35,2864.35,26188.33
07AAACO8642J1Z9,Asian Paints,INV-0729,2025-06-02,14061.03,1687.32,0.00,0.00,15748.35
27AAACP7531K1Z1,Godrej Industries,INV-0730,2025-06-03,15732.54,0.00,943.95,943.95,17620.44
07AAACX9999H1Z3,HDFC Bank,INV-0731,2025-06-04,222018.64,0.00,19981.68,19981.68,261982.00
07AAACY7777A1Z5,ICICI Bank,INV-0732,2025-06-05,233675.89,65429.25,0.00,0.00,299105.14
27AAACL1234Q1Z2,Larsen & Toubro,INV-0733,2025-06-06,247335.06,0.00,34626.91,34626.91,316588.88
27AAACM5678R1Z4,Mahindra & Mahindra,INV-0734,2025-06-07,67061.87,0.00,4023.71,4023.71,75109.29
27AAACA2468S1Z6,Adani Enterprises,INV-0735,2025-06-08,75097.17,3754.86,0.00,0.00,78852.03
27AAACB1357T1Z8,Bajaj Auto,INV-0736,2025-06-09,217120.58,0.00,19540.85,19540.85,256202.28
07AAACH8642U1Z1,Hindustan Unilever,INV-0737,2025-06-10,71938.07,0.00,6474.43,6474.43,84886.93
07AAACS7531V1Z3,Sun Pharma,INV-0738,2025-06-11,112053.09,31374.87,0.00,0.00,143427.96
27AAACC6420W1Z5,Coal India,INV-0739,2025-06-12,187110.39,0.00,26195.45,26195.45,239501.29
27AAACN5319X1Z7,NTPC Limited,INV-0740,2025-06-13,88063.97,0.00,5283.84,5283.84,98631.65
27AAACG1234F1Z5,Reliance Industries,INV-0741,2025-06-14,126569.79,35439.54,0.00,0.00,162009.33
27AAACH5678B1Z2,Tata Steel Limited,INV-0742,2025-06-15,95000.00,0.00,8550.00,8550.00,112100.00
07AAACI2345D1Z6,Infosys Limited,INV-0743,2025-06-16,201281.28,0.00,28179.38,28179.38,257640.04
27AAACJ8765E1Z3,Bharat Petroleum,INV-0744,2025-06-17,24337.12,2920.45,0.00,0.00,27257.57
27AAACK4321F1Z4,ITC Limited,INV-0745,2025-06-18,138641.23,0.00,12477.71,12477.71,163596.65
07AAACL9876G1Z1,Wipro Limited,INV-0746,2025-06-19,30136.49,0.00,2712.28,2712.28,35561.05
27AAACM2468H1Z7,Maruti Suzuki India,INV-0747,2025-06-20,166925.21,30046.54,0.00,0.00,196971.75
27AAACN1357I1Z8,Tata Motors,INV-0748,2025-06-21,114249.36,0.00,15994.91,15994.91,146239.18
07AAACO8642J1Z9,Asian Paints,INV-0749,2025-06-22,45827.97,0.00,6415.92,6415.92,58659.81
27AAACP7531K1Z1,Godrej Industries,INV-0750,2025-06-23,91129.01,4556.45,0.00,0.00,95685.46
07AAACX9999H1Z3,HDFC Bank,INV-0751,2025-06-24,183069.53,0.00,16476.26,16476.26,216022.05
07AAACY7777A1Z5,ICICI Bank,INV-0752,2025-06-25,155638.61,0.00,21789.41,21789.41,199217.43
27AAACL1234Q1Z2,Larsen & Toubro,INV-0753,2025-06-26,72266.06,3613.30,0.00,0.00,75879.36
27AAACM5678R1Z4,Mahindra & Mahindra,INV-0754,2025-06-27,23385.09,0.00,3273.91,3273.91,29932.91
27AAACA2468S1Z6,Adani Enterprises,INV-0755,2025-06-28,94011.23,0.00,5640.67,5640.67,105292.57
27AAACB1357T1Z8,Bajaj Auto,INV-0756,2025-06-01,238433.40,28612.01,0.00,0.00,267045.41
07AAACH8642U1Z1,Hindustan Unilever,INV-0757,2025-06-02,212923.98,0.00,29809.36,29809.36,272542.70
07AAACS7531V1Z3,Sun Pharma,INV-0758,2025-06-03,13525.75,0.00,338.14,338.14,14202.03
27AAACC6420W1Z5,Coal India,INV-0759,2025-06-04,62818.87,11307.40,0.00,0.00,74126.27
27AAACN5319X1Z7,NTPC Limited,INV-0760,2025-06-05,93726.89,0.00,2343.17,2343.17,98413.23
27AAACG1234F1Z5,Reliance Industries,INV-0761,2025-06-06,153248.23,0.00,21454.75,21454.75,196157.73
27AAACH5678B1Z2,Tata Steel Limited,INV-0762,2025-06-07,237461.76,42743.12,0.00,0.00,280204.88
07AAACI2345D1Z6,Infosys Limited,INV-0763,2025-06-08,113765.13,0.00,2844.13,2844.13,119453.39
27AAACJ8765E1Z3,Bharat Petroleum,INV-0764,2025-06-09,145610.84,0.00,13104.98,13104.98,171820.80
27AAACK4321F1Z4,ITC Limited,INV-0765,2025-06-10,102518.34,18453.30,0.00,0.00,120971.64
07AAACL9876G1Z1,Wipro Limited,INV-0766,2025-06-11,66154.86,0.00,1653.87,1653.87,69462.60
27AAACM2468H1Z7,Maruti Suzuki India,INV-0767,2025-06-12,11348.77,0.00,680.93,680.93,12710.63
27AAACN1357I1Z8,Tata Motors,INV-0768,2025-06-13,127265.77,35634.42,0.00,0.00,162900.19
07AAACO8642J1Z9,Asian Paints,INV-0769,2025-06-14,228817.91,0.00,5720.45,5720.45,240258.81
27AAACP7531K1Z1,Godrej Industries,INV-0770,2025-06-15,69135.29,0.00,6222.18,6222.18,81579.65
07AAACX9999H1Z3,HDFC Bank,INV-0771,2025-06-16,177489.26,21298.71,0.00,0.00,198787.97
07AAACY7777A1Z5,ICICI Bank,INV-0772,2025-06-17,249109.45,0.00,22419.85,22419.85,293949.15
27AAACL1234Q1Z2,Larsen & Toubro,INV-0773,2025-06-18,175025.26,0.00,24503.54,24503.54,224032.34
27AAACM5678R1Z4,Mahindra & Mahindra,INV-0774,2025-06-19,54043.69,6485.24,0.00,0.00,60528.93
27AAACA2468S1Z6,Adani Enterprises,INV-0775,2025-06-20,213942.44,0.00,29951.94,29951.94,273846.32
27AAACB1357T1Z8,Bajaj Auto,INV-0776,2025-06-21,47300.81,0.00,6622.11,6622.11,60545.03
07AAACH8642U1Z1,Hindustan Unilever,INV-0777,2025-06-22,249329.29,44879.27,0.00,0.00,294208.56
07AAACS7531V1Z3,Sun Pharma,INV-0778,2025-06-23,168620.75,0.00,4215.52,4215.52,177051.79
27AAACC6420W1Z5,Coal India,INV-0779,2025-06-24,139749.30,0.00,12577.44,12577.44,164904.18
27AAACN5319X1Z7,NTPC Limited,INV-0780,2025-06-25,223376.26,26805.15,0.00,0.00,250181.41
27AAACG1234F1Z5,Reliance Industries,INV-0781,2025-06-26,179393.23,0.00,10763.59,10763.59,200920.41
27AAACH5678B1Z2,Tata Steel Limited,INV-0782,2025-06-27,199455.61,0.00,11967.34,11967.34,223390.29
07AAACI2345D1Z6,Infosys Limited,INV-0783,2025-06-28,34733.80,4168.06,0.00,0.00,38901.86
27AAACJ8765E1Z3,Bharat Petroleum,INV-0784,2025-06-01,199056.09,0.00,11943.37,11943.37,222942.83
27AAACK4321F1Z4,ITC Limited,INV-0785,2025-06-02,198641.40,0.00,4966.03,4966.03,208573.46
07AAACL9876G1Z1,Wipro Limited,INV-0786,2025-06-03,93419.65,16815.54,0.00,0.00,110235.19
27AAACM2468H1Z7,Maruti Suzuki India,INV-0787,2025-06-04,119514.43,0.00,7170.87,7170.87,133856.17
27AAACN1357I1Z8,Tata Motors,INV-0788,2025-06-05,154927.35,0.00,3873.18,3873.18,162673.71
07AAACO8642J1Z9,Asian Paints,INV-0789,2025-06-06,21108.29,5910.32,0.00,0.00,27018.61
27AAACP7531K1Z1,Godrej Industries,INV-0790,2025-06-07,249900.79,0.00,34986.11,34986.11,319873.01
07AAACX9999H1Z3,HDFC Bank,INV-0791,2025-06-08,133795.44,0.00,18731.36,18731.36,171258.16
07AAACY7777A1Z5,ICICI Bank,INV-0792,2025-06-09,206718.15,10335.91,0.00,0.00,217054.06
27AAACL1234Q1Z2,Larsen & Toubro,INV-0793,2025-06-10,35705.06,0.00,3213.46,3213.46,42131.98
27AAACM5678R1Z4,Mahindra & Mahindra,INV-0794,2025-06-11,162372.95,0.00,22732.21,22732.21,207837.37
27AAACA2468S1Z6,Adani Enterprises,INV-0795,2025-06-12,119129.13,21443.24,0.00,0.00,140572.37
27AAACB1357T1Z8,Bajaj Auto,INV-0796,2025-06-13,36441.98,0.00,2186.52,2186.52,40815.02
07AAACH8642U1Z1,Hindustan Unilever,INV-0797,2025-06-14,193106.50,0.00,11586.39,11586.39,216279.28
07AAACS7531V1Z3,Sun Pharma,INV-0798,2025-06-15,110991.48,5549.57,0.00,0.00,116541.05
27AAACC6420W1Z5,Coal India,INV-0799,2025-06-16,208690.75,0.00,12521.44,12521.44,233733.63
27AAACN5319X1Z7,NTPC Limited,INV-0800,2025-06-17,79510.51,0.00,4770.63,4770.63,89051.77
27AAACG1234F1Z5,Reliance Industries,INV-0801,2025-06-18,84051.88,10086.23,0.00,0.00,94138.11
27AAACH5678B1Z2,Tata Steel Limited,INV-0802,2025-06-19,89775.66,0.00,8079.81,8079.81,105935.28
07AAACI2345D1Z6,Infosys Limited,INV-0803,2025-06-20,212253.76,0.00,19102.84,19102.84,250459.44
27AAACJ8765E1Z3,Bharat Petroleum,INV-0804,2025-06-21,53093.97,9556.91,0.00,0.00,62650.88
27AAACK4321F1Z4,ITC Limited,INV-0805,2025-06-22,35666.72,0.00,3210.00,3210.00,42086.72
07AAACL9876G1Z1,Wipro Limited,INV-0806,2025-06-23,155534.93,0.00,3888.37,3888.37,163311.67
27AAACM2468H1Z7,Maruti Suzuki India,INV-0807,2025-06-24,128130.42,15375.65,0.00,0.00,143506.07
27AAACN1357I1Z8,Tata Motors,INV-0808,2025-06-25,149993.07,0.00,8999.58,8999.58,167992.23
07AAACO8642J1Z9,Asian Paints,INV-0809,2025-06-26,46944.15,0.00,4224.97,4224.97,55394.09
27AAACP7531K1Z1,Godrej Industries,INV-0810,2025-06-27,211419.85,10570.99,0.00,0.00,221990.84
07AAACX9999H1Z3,HDFC Bank,INV-0811,2025-06-28,207182.89,0.00,5179.57,5179.57,217542.03
07AAACY7777A1Z5,ICICI Bank,INV-0812,2025-06-01,24899.60,0.00,2240.96,2240.96,29381.52
27AAACL1234Q1Z2,Larsen & Toubro,INV-0813,2025-06-02,164526.84,46067.52,0.00,0.00,210594.36
27AAACM5678R1Z4,Mahindra & Mahindra,INV-0814,2025-06-03,156436.56,0.00,3910.91,3910.91,164258.38
27AAACA2468S1Z6,Adani Enterprises,INV-0815,2025-06-04,127019.32,0.00,11431.74,11431.74,149882.80
27AAACB1357T1Z8,Bajaj Auto,INV-0816,2025-06-05,162267.29,29208.11,0.00,0.00,191475.40
07AAACH8642U1Z1,Hindustan Unilever,INV-0817,2025-06-06,123321.48,0.00,17265.01,17265.01,157851.50
07AAACS7531V1Z3,Sun Pharma,INV-0818,2025-06-07,77871.30,0.00,1946.78,1946.78,81764.86
27AAACC6420W1Z5,Coal India,INV-0819,2025-06-08,173710.33,20845.24,0.00,0.00,194555.57
27AAACN5319X1Z7,NTPC Limited,INV-0820,2025-06-09,112703.35,0.00,15778.47,15778.47,144260.29
27AAACG1234F1Z5,Reliance Industries,INV-0821,2025-06-10,118788.33,0.00,10690.95,10690.95,140170.23
27AAACH5678B1Z2,Tata Steel Limited,INV-0822,2025-06-11,153631.76,27653.72,0.00,0.00,181285.48
07AAACI2345D1Z6,Infosys Limited,INV-0823,2025-06-12,216063.84,0.00,19445.75,19445.75,254955.34
27AAACJ8765E1Z3,Bharat Petroleum,INV-0824,2025-06-13,184878.94,0.00,16639.10,16639.10,218157.14
27AAACK4321F1Z4,ITC Limited,INV-0825,2025-06-14,243966.66,29276.00,0.00,0.00,273242.66
07AAACL9876G1Z1,Wipro Limited,INV-0826,2025-06-15,191362.92,0.00,4784.07,4784.07,200931.06
27AAACM2468H1Z7,Maruti Suzuki India,INV-0827,2025-06-16,83183.39,0.00,11645.67,11645.67,106474.73
27AAACN1357I1Z8,Tata Motors,INV-0828,2025-06-17,35017.87,9805.00,0.00,0.00,44822.87
07AAACO8642J1Z9,Asian Paints,INV-0829,2025-06-18,65740.13,0.00,1643.50,1643.50,69027.13
27AAACP7531K1Z1,Godrej Industries,INV-0830,2025-06-19,17398.30,0.00,2435.76,2435.76,22269.82
07AAACX9999H1Z3,HDFC Bank,INV-0831,2025-06-20,216720.14,60681.64,0.00,0.00,277401.78
07AAACY7777A1Z5,ICICI Bank,INV-0832,2025-06-21,65826.22,0.00,3949.57,3949.57,73725.36
27AAACL1234Q1Z2,Larsen & Toubro,INV-0833,2025-06-22,204302.07,0.00,18387.19,18387.19,241076.45
27AAACM5678R1Z4,Mahindra & Mahindra,INV-0834,2025-06-23,51509.35,6181.12,0.00,0.00,57690.47
27AAACA2468S1Z6,Adani Enterprises,INV-0835,2025-06-24,127075.06,0.00,17790.51,17790.51,162656.08
27AAACB1357T1Z8,Bajaj Auto,INV-0836,2025-06-25,127196.13,0.00,11447.65,11447.65,150091.43
07AAACH8642U1Z1,Hindustan Unilever,INV-0837,2025-06-26,126855.72,6342.79,0.00,0.00,133198.51
07AAACS7531V1Z3,Sun Pharma,INV-0838,2025-06-27,236582.04,0.00,33121.49,33121.49,302825.02
27AAACC6420W1Z5,Coal India,INV-0839,2025-06-28,241838.22,0.00,14510.29,14510.29,270858.80
27AAACN5319X1Z7,NTPC Limited,INV-0840,2025-06-01,147919.31,7395.97,0.00,0.00,155315.28
27AAACG1234F1Z5,Reliance Industries,INV-0841,2025-06-02,17382.40,0.00,2433.54,2433.54,22249.48
27AAACH5678B1Z2,Tata Steel Limited,INV-0842,2025-06-03,151392.10,0.00,21194.89,21194.89,193781.88
07AAACI2345D1Z6,Infosys Limited,INV-0843,2025-06-04,75008.35,3750.42,0.00,0.00,78758.77
27AAACJ8765E1Z3,Bharat Petroleum,INV-0844,2025-06-05,212557.23,0.00,29758.01,29758.01,272073.25
27AAACK4321F1Z4,ITC Limited,INV-0845,2025-06-06,37814.06,0.00,3403.27,3403.27,44620.60
07AAACL9876G1Z1,Wipro Limited,INV-0846,2025-06-07,183239.48,51307.05,0.00,0.00,234546.53
27AAACM2468H1Z7,Maruti Suzuki India,INV-0847,2025-06-08,94654.65,0.00,13251.65,13251.65,121157.95
27AAACN1357I1Z8,Tata Motors,INV-0848,2025-06-09,17533.63,0.00,1052.02,1052.02,19637.67
07AAACO8642J1Z9,Asian Paints,INV-0849,2025-06-10,93818.33,16887.30,0.00,0.00,110705.63
27AAACP7531K1Z1,Godrej Industries,INV-0850,2025-06-11,23015.28,0.00,3222.14,3222.14,29459.56
07AAACX9999H1Z3,HDFC Bank,INV-0851,2025-06-12,192279.01,0.00,17305.11,17305.11,226889.23
07AAACY7777A1Z5,ICICI Bank,INV-0852,2025-06-13,207201.27,10360.06,0.00,0.00,217561.33
27AAACL1234Q1Z2,Larsen & Toubro,INV-0853,2025-06-14,36522.53,0.00,913.06,913.06,38348.65
27AAACM5678R1Z4,Mahindra & Mahindra,INV-0854,2025-06-15,101506.41,0.00,9135.58,9135.58,119777.57
27AAACA2468S1Z6,Adani Enterprises,INV-0855,2025-06-16,141668.80,25500.38,0.00,0.00,167169.18
27AAACB1357T1Z8,Bajaj Auto,INV-0856,2025-06-17,189966.47,0.00,11397.99,11397.99,212762.45
07AAACH8642U1Z1,Hindustan Unilever,INV-0857,2025-06-18,152603.42,0.00,21364.48,21364.48,195332.38
07AAACS7531V1Z3,Sun Pharma,INV-0858,2025-06-19,127519.09,6375.95,0.00,0.00,133895.04
27AAACC6420W1Z5,Coal India,INV-0859,2025-06-20,14533.92,0.00,1308.05,1308.05,17150.02
27AAACN5319X1Z7,NTPC Limited,INV-0860,2025-06-21,201971.63,0.00,28276.03,28276.03,258523.69
27AAACG1234F1Z5,Reliance Industries,INV-0861,2025-06-22,41490.46,4978.86,0.00,0.00,46469.32
27AAACH5678B1Z2,Tata Steel Limited,INV-0862,2025-06-23,85351.63,0.00,7681.65,7681.65,100714.93
07AAACI2345D1Z6,Infosys Limited,INV-0863,2025-06-24,44813.00,0.00,4033.17,4033.17,52879.34
27AAACJ8765E1Z3,Bharat Petroleum,INV-0864,2025-06-25,150462.54,42129.51,0.00,0.00,192592.05
27AAACK4321F1Z4,ITC Limited,INV-0865,2025-06-26,178641.25,0.00,16077.71,16077.71,210796.67
07AAACL9876G1Z1,Wipro Limited,INV-0866,2025-06-27,121348.69,0.00,3033.72,3033.72,127416.13
27AAACM2468H1Z7,Maruti Suzuki India,INV-0867,2025-06-28,95247.66,4762.38,0.00,0.00,100010.04
27AAACN1357I1Z8,Tata Motors,INV-0868,2025-06-01,245075.02,0.00,22056.75,22056.75,289188.52
07AAACO8642J1Z9,Asian Paints,INV-0869,2025-06-02,200204.93,0.00,5005.12,5005.12,210215.17
27AAACP7531K1Z1,Godrej Industries,INV-0870,2025-06-03,151242.86,27223.71,0.00,0.00,178466.57
07AAACX9999H1Z3,HDFC Bank,INV-0871,2025-06-04,241932.32,0.00,14515.94,14515.94,270964.20
07AAACY7777A1Z5,ICICI Bank,INV-0872,2025-06-05,181743.03,0.00,25444.02,25444.02,232631.07
27AAACL1234Q1Z2,Larsen & Toubro,INV-0873,2025-06-06,46775.46,13097.13,0.00,0.00,59872.59
27AAACM5678R1Z4,Mahindra & Mahindra,INV-0874,2025-06-07,41205.05,0.00,2472.30,2472.30,46149.65
27AAACA2468S1Z6,Adani Enterprises,INV-0875,2025-06-08,12734.78,0.00,318.37,318.37,13371.52
27AAACB1357T1Z8,Bajaj Auto,INV-0876,2025-06-09,51742.16,14487.80,0.00,0.00,66229.96
07AAACH8642U1Z1,Hindustan Unilever,INV-0877,2025-06-10,81854.66,0.00,4911.28,4911.28,91677.22
07AAACS7531V1Z3,Sun Pharma,INV-0878,2025-06-11,106175.23,0.00,6370.51,6370.51,118916.25
27AAACC6420W1Z5,Coal India,INV-0879,2025-06-12,105542.47,29551.89,0.00,0.00,135094.36
27AAACN5319X1Z7,NTPC Limited,INV-0880,2025-06-13,218840.34,0.00,5471.01,5471.01,229782.36
27AAACG1234F1Z5,Reliance Industries,INV-0881,2025-06-14,177914.93,0.00,10674.90,10674.90,199264.73
27AAACH5678B1Z2,Tata Steel Limited,INV-0882,2025-06-15,142417.26,39876.83,0.00,0.00,182294.09
07AAACI2345D1Z6,Infosys Limited,INV-0883,2025-06-16,133741.90,0.00,12036.77,12036.77,157815.44
27AAACJ8765E1Z3,Bharat Petroleum,INV-0884,2025-06-17,239387.95,0.00,33514.31,33514.31,306416.57
27AAACK4321F1Z4,ITC Limited,INV-0885,2025-06-18,228470.42,41124.68,0.00,0.00,269595.10
07AAACL9876G1Z1,Wipro Limited,INV-0886,2025-06-19,138836.94,0.00,12495.32,12495.32,163827.58
27AAACM2468H1Z7,Maruti Suzuki India,INV-0887,2025-06-20,154468.76,0.00,9268.13,9268.13,173005.02
27AAACN1357I1Z8,Tata Motors,INV-0888,2025-06-21,239547.66,43118.58,0.00,0.00,282666.24
07AAACO8642J1Z9,Asian Paints,INV-0889,2025-06-22,141731.23,0.00,8503.87,8503.87,158738.97
27AAACP7531K1Z1,Godrej Industries,INV-0890,2025-06-23,235663.96,0.00,21209.76,21209.76,278083.48
07AAACX9999H1Z3,HDFC Bank,INV-0891,2025-06-24,193937.70,23272.52,0.00,0.00,217210.22
07AAACY7777A1Z5,ICICI Bank,INV-0892,2025-06-25,174108.78,0.00,24375.23,24375.23,222859.24
27AAACL1234Q1Z2,Larsen & Toubro,INV-0893,2025-06-26,82674.98,0.00,7440.75,7440.75,97556.48
27AAACM5678R1Z4,Mahindra & Mahindra,INV-0894,2025-06-27,142319.46,25617.50,0.00,0.00,167936.96
27AAACA2468S1Z6,Adani Enterprises,INV-0895,2025-06-28,75508.40,0.00,10571.18,10571.18,96650.76
27AAACB1357T1Z8,Bajaj Auto,INV-0896,2025-06-01,224461.31,0.00,31424.58,31424.58,287310.47
07AAACH8642U1Z1,Hindustan Unilever,INV-0897,2025-06-02,205502.48,24660.30,0.00,0.00,230162.78
07AAACS7531V1Z3,Sun Pharma,INV-0898,2025-06-03,76160.90,0.00,6854.48,6854.48,89869.86
27AAACC6420W1Z5,Coal India,INV-0899,2025-06-04,239051.86,0.00,5976.30,5976.30,251004.46
27AAACN5319X1Z7,NTPC Limited,INV-0900,2025-06-05,89859.06,25160.54,0.00,0.00,115019.60
27AAACG1234F1Z5,Reliance Industries,INV-0901,2025-06-06,165713.15,0.00,23199.84,23199.84,212112.83
27AAACH5678B1Z2,Tata Steel Limited,INV-0902,2025-06-07,57426.77,0.00,5168.41,5168.41,67763.59
07AAACI2345D1Z6,Infosys Limited,INV-0903,2025-06-08,233590.86,42046.35,0.00,0.00,275637.21
27AAACJ8765E1Z3,Bharat Petroleum,INV-0904,2025-06-09,38631.87,0.00,2317.91,2317.91,43267.69
27AAACK4321F1Z4,ITC Limited,INV-0905,2025-06-10,64402.22,0.00,3864.13,3864.13,72130.48
07AAACL9876G1Z1,Wipro Limited,INV-0906,2025-06-11,161296.42,8064.82,0.00,0.00,169361.24
27AAACM2468H1Z7,Maruti Suzuki India,INV-0907,2025-06-12,29548.50,0.00,2659.36,2659.36,34867.22
27AAACN1357I1Z8,Tata Motors,INV-0908,2025-06-13,180752.72,0.00,4518.82,4518.82,189790.36
07AAACO8642J1Z9,Asian Paints,INV-0909,2025-06-14,171892.04,20627.04,0.00,0.00,192519.08
27AAACP7531K1Z1,Godrej Industries,INV-0910,2025-06-15,6269.45,0.00,376.17,376.17,7021.79
07AAACX9999H1Z3,HDFC Bank,INV-0911,2025-06-16,104692.33,0.00,14656.93,14656.93,134006.19
07AAACY7777A1Z5,ICICI Bank,INV-0912,2025-06-17,121974.89,14636.99,0.00,0.00,136611.88
27AAACL1234Q1Z2,Larsen & Toubro,INV-0913,2025-06-18,190198.21,0.00,17117.84,17117.84,224433.89
27AAACM5678R1Z4,Mahindra & Mahindra,INV-0914,2025-06-19,83686.09,0.00,2092.15,2092.15,87870.39
27AAACA2468S1Z6,Adani Enterprises,INV-0915,2025-06-20,227444.55,11372.23,0.00,0.00,238816.78
27AAACB1357T1Z8,Bajaj Auto,INV-0916,2025-06-21,164813.19,0.00,9888.79,9888.79,184590.77
07AAACH8642U1Z1,Hindustan Unilever,INV-0917,2025-06-22,136112.31,0.00,3402.81,3402.81,142917.93
07AAACS7531V1Z3,Sun Pharma,INV-0918,2025-06-23,228741.28,27448.95,0.00,0.00,256190.23
27AAACC6420W1Z5,Coal India,INV-0919,2025-06-24,107381.82,0.00,6442.91,6442.91,120267.64
27AAACN5319X1Z7,NTPC Limited,INV-0920,2025-06-25,233811.04,0.00,5845.28,5845.28,245501.60
27AAACG1234F1Z5,Reliance Industries,INV-0921,2025-06-26,249307.09,69805.99,0.00,0.00,319113.08
27AAACH5678B1Z2,Tata Steel Limited,INV-0922,2025-06-27,198050.35,0.00,11883.02,11883.02,221816.39
07AAACI2345D1Z6,Infosys Limited,INV-0923,2025-06-28,234469.14,0.00,21102.22,21102.22,276673.58
27AAACJ8765E1Z3,Bharat Petroleum,INV-0924,2025-06-01,219802.08,10990.10,0.00,0.00,230792.18
27AAACK4321F1Z4,ITC Limited,INV-0925,2025-06-02,78106.09,0.00,1952.65,1952.65,82011.39
07AAACL9876G1Z1,Wipro Limited,INV-0926,2025-06-03,232471.44,0.00,20922.43,20922.43,274316.30
27AAACM2468H1Z7,Maruti Suzuki India,INV-0927,2025-06-04,74717.60,20920.93,0.00,0.00,95638.53
27AAACN1357I1Z8,Tata Motors,INV-0928,2025-06-05,222868.69,0.00,13372.12,13372.12,249612.93
07AAACO8642J1Z9,Asian Paints,INV-0929,2025-06-06,213509.64,0.00,29891.35,29891.35,273292.34
27AAACP7531K1Z1,Godrej Industries,INV-0930,2025-06-07,71845.08,3592.25,0.00,0.00,75437.33
07AAACX9999H1Z3,HDFC Bank,INV-0931,2025-06-08,86017.60,0.00,12042.46,12042.46,110102.52
07AAACY7777A1Z5,ICICI Bank,INV-0932,2025-06-09,163829.91,0.00,9829.79,9829.79,183489.49
27AAACL1234Q1Z2,Larsen & Toubro,INV-0933,2025-06-10,8450.63,1521.11,0.00,0.00,9971.74
27AAACM5678R1Z4,Mahindra & Mahindra,INV-0934,2025-06-11,198738.08,0.00,11924.28,11924.28,222586.64
27AAACA2468S1Z6,Adani Enterprises,INV-0935,2025-06-12,47996.25,0.00,6719.48,6719.48,61435.21
27AAACB1357T1Z8,Bajaj Auto,INV-0936,2025-06-13,207612.51,37370.25,0.00,0.00,244982.76
07AAACH8642U1Z1,Hindustan Unilever,INV-0937,2025-06-14,26250.75,0.00,656.27,656.27,27563.29
07AAACS7531V1Z3,Sun Pharma,INV-0938,2025-06-15,50271.39,0.00,3016.28,3016.28,56303.95
27AAACC6420W1Z5,Coal India,INV-0939,2025-06-16,121976.25,14637.15,0.00,0.00,136613.40
27AAACN5319X1Z7,NTPC Limited,INV-0940,2025-06-17,6673.38,0.00,934.27,934.27,8541.92
27AAACG1234F1Z5,Reliance Industries,INV-0941,2025-06-18,62702.71,0.00,5643.24,5643.24,73989.19
27AAACH5678B1Z2,Tata Steel Limited,INV-0942,2025-06-19,238738.53,42972.94,0.00,0.00,281711.47
07AAACI2345D1Z6,Infosys Limited,INV-0943,2025-06-20,147702.88,0.00,3692.57,3692.57,155088.02
27AAACJ8765E1Z3,Bharat Petroleum,INV-0944,2025-06-21,69080.52,0.00,6217.25,6217.25,81515.02
27AAACK4321F1Z4,ITC Limited,INV-0945,2025-06-22,174728.30,8736.41,0.00,0.00,183464.71
07AAACL9876G1Z1,Wipro Limited,INV-0946,2025-06-23,168607.60,0.00,23605.06,23605.06,215817.72
27AAACM2468H1Z7,Maruti Suzuki India,INV-0947,2025-06-24,80167.55,0.00,11223.46,11223.46,102614.47
27AAACN1357I1Z8,Tata Motors,INV-0948,2025-06-25,173088.04,31155.85,0.00,0.00,204243.89
07AAACO8642J1Z9,Asian Paints,INV-0949,2025-06-26,174121.14,0.00,15670.90,15670.90,205462.94
27AAACP7531K1Z1,Godrej Industries,INV-0950,2025-06-27,95048.26,0.00,5702.90,5702.90,106454.06
07AAACX9999H1Z3,HDFC Bank,INV-0951,2025-06-28,58686.51,7042.38,0.00,0.00,65728.89
07AAACY7777A1Z5,ICICI Bank,INV-0952,2025-06-01,122154.57,0.00,17101.64,17101.64,156357.85
27AAACL1234Q1Z2,Larsen & Toubro,INV-0953,2025-06-02,188195.04,0.00,16937.55,16937.55,222070.14
27AAACM5678R1Z4,Mahindra & Mahindra,INV-0954,2025-06-03,106882.18,29927.01,0.00,0.00,136809.19
27AAACA2468S1Z6,Adani Enterprises,INV-0955,2025-06-04,190550.88,0.00,11433.05,11433.05,213416.98
27AAACB1357T1Z8,Bajaj Auto,INV-0956,2025-06-05,191655.61,0.00,4791.39,4791.39,201238.39
07AAACH8642U1Z1,Hindustan Unilever,INV-0957,2025-06-06,133749.13,24074.84,0.00,0.00,157823.97
07AAACS7531V1Z3,Sun Pharma,INV-0958,2025-06-07,24135.17,0.00,603.38,603.38,25341.93
27AAACC6420W1Z5,Coal India,INV-0959,2025-06-08,20130.72,0.00,1207.84,1207.84,22546.40
27AAACN5319X1Z7,NTPC Limited,INV-0960,2025-06-09,145311.91,17437.43,0.00,0.00,162749.34
27AAACG1234F1Z5,Reliance Industries,INV-0961,2025-06-10,45311.60,0.00,6343.62,6343.62,57998.84
27AAACH5678B1Z2,Tata Steel Limited,INV-0962,2025-06-11,33478.81,0.00,2008.73,2008.73,37496.27
07AAACI2345D1Z6,Infosys Limited,INV-0963,2025-06-12,180644.90,50580.57,0.00,0.00,231225.47
27AAACJ8765E1Z3,Bharat Petroleum,INV-0964,2025-06-13,27280.70,0.00,3819.30,3819.30,34919.30
27AAACK4321F1Z4,ITC Limited,INV-0965,2025-06-14,203129.56,0.00,28438.14,28438.14,260005.84
07AAACL9876G1Z1,Wipro Limited,INV-0966,2025-06-15,37326.36,10451.38,0.00,0.00,47777.74
27AAACM2468H1Z7,Maruti Suzuki India,INV-0967,2025-06-16,116915.63,0.00,2922.89,2922.89,122761.41
27AAACN1357I1Z8,Tata Motors,INV-0968,2025-06-17,141905.31,0.00,12771.48,12771.48,167448.27
07AAACO8642J1Z9,Asian Paints,INV-0969,2025-06-18,182203.62,51017.01,0.00,0.00,233220.63
27AAACP7531K1Z1,Godrej Industries,INV-0970,2025-06-19,67342.02,0.00,1683.55,1683.55,70709.12
07AAACX9999H1Z3,HDFC Bank,INV-0971,2025-06-20,187722.10,0.00,4693.05,4693.05,197108.20
07AAACY7777A1Z5,ICICI Bank,INV-0972,2025-06-21,16096.00,2897.28,0.00,0.00,18993.28
27AAACL1234Q1Z2,Larsen & Toubro,INV-0973,2025-06-22,176594.30,0.00,4414.86,4414.86,185424.02
27AAACM5678R1Z4,Mahindra & Mahindra,INV-0974,2025-06-23,233972.79,0.00,5849.32,5849.32,245671.43
27AAACA2468S1Z6,Adani Enterprises,INV-0975,2025-06-24,246603.63,69049.02,0.00,0.00,315652.65
27AAACB1357T1Z8,Bajaj Auto,INV-0976,2025-06-25,12775.04,0.00,1788.51,1788.51,16352.06
07AAACH8642U1Z1,Hindustan Unilever,INV-0977,2025-06-26,49095.43,0.00,2945.73,2945.73,54986.89
07AAACS7531V1Z3,Sun Pharma,INV-0978,2025-06-27,192627.78,53935.78,0.00,0.00,246563.56
27AAACC6420W1Z5,Coal India,INV-0979,2025-06-28,96742.93,0.00,13544.01,13544.01,123830.95
27AAACN5319X1Z7,NTPC Limited,INV-0980,2025-06-01,114891.60,0.00,16084.82,16084.82,147061.24
27AAACG1234F1Z5,Reliance Industries,INV-0981,2025-06-02,97033.16,11643.98,0.00,0.00,108677.14
27AAACH5678B1Z2,Tata Steel Limited,INV-0982,2025-06-03,165115.85,0.00,14860.43,14860.43,194836.71
07AAACI2345D1Z6,Infosys Limited,INV-0983,2025-06-04,34065.13,0.00,4769.12,4769.12,43603.37
27AAACJ8765E1Z3,Bharat Petroleum,INV-0984,2025-06-05,134566.42,16147.97,0.00,0.00,150714.39
27AAACK4321F1Z4,ITC Limited,INV-0985,2025-06-06,209531.29,0.00,5238.28,5238.28,220007.85
07AAACL9876G1Z1,Wipro Limited,INV-0986,2025-06-07,244730.22,0.00,34262.23,34262.23,313254.68
27AAACM2468H1Z7,Maruti Suzuki India,INV-0987,2025-06-08,170007.47,47602.09,0.00,0.00,217609.56
27AAACN1357I1Z8,Tata Motors,INV-0988,2025-06-09,135323.73,0.00,8119.42,8119.42,151562.57
07AAACO8642J1Z9,Asian Paints,INV-0989,2025-06-10,65640.45,0.00,5907.64,5907.64,77455.73
27AAACP7531K1Z1,Godrej Industries,INV-0990,2025-06-11,43004.74,5160.57,0.00,0.00,48165.31
07AAACX9999H1Z3,HDFC Bank,INV-0991,2025-06-12,234665.54,0.00,5866.64,5866.64,246398.82
07AAACY7777A1Z5,ICICI Bank,INV-0992,2025-06-13,12893.24,0.00,1805.05,1805.05,16503.34
27AAACL1234Q1Z2,Larsen & Toubro,INV-0993,2025-06-14,155656.19,7782.81,0.00,0.00,163439.00
27AAACM5678R1Z4,Mahindra & Mahindra,INV-0994,2025-06-15,63963.24,0.00,1599.08,1599.08,67161.40
27AAACA2468S1Z6,Adani Enterprises,INV-0995,2025-06-16,29719.69,0.00,742.99,742.99,31205.67
27AAACB1357T1Z8,Bajaj Auto,INV-0996,2025-06-17,114378.06,5718.90,0.00,0.00,120096.96
07AAACH8642U1Z1,Hindustan Unilever,INV-0997,2025-06-18,64959.87,0.00,1624.00,1624.00,68207.87
07AAACS7531V1Z3,Sun Pharma,INV-0998,2025-06-19,103555.01,0.00,6213.30,6213.30,115981.61
27AAACC6420W1Z5,Coal India,INV-0999,2025-06-20,137241.15,6862.06,0.00,0.00,144103.21
27AAACN5319X1Z7,NTPC Limited,INV-1000,2025-06-21,39333.22,0.00,3539.99,3539.99,46413.20
27AAACG1234F1Z5,Reliance Industries,INV-1001,2025-06-22,62369.57,0.00,5613.26,5613.26,73596.09
27AAACH5678B1Z2,Tata Steel Limited,INV-1002,2025-06-23,146481.33,26366.64,0.00,0.00,172847.97
07AAACI2345D1Z6,Infosys Limited,INV-1003,2025-06-24,63041.49,0.00,3782.49,3782.49,70606.47
27AAACJ8765E1Z3,Bharat Petroleum,INV-1004,2025-06-25,246495.41,0.00,14789.72,14789.72,276074.85
27AAACK4321F1Z4,ITC Limited,INV-1005,2025-06-26,106322.25,19138.01,0.00,0.00,125460.26
07AAACL9876G1Z1,Wipro Limited,INV-1006,2025-06-27,19934.62,0.00,1196.08,1196.08,22326.78
27AAACM2468H1Z7,Maruti Suzuki India,INV-1007,2025-06-28,158368.32,0.00,22171.56,22171.56,202711.44
27AAACN1357I1Z8,Tata Motors,INV-1008,2025-06-01,141183.41,7059.17,0.00,0.00,148242.58
07AAACO8642J1Z9,Asian Paints,INV-1009,2025-06-02,243211.11,0.00,34049.56,34049.56,311310.23
27AAACP7531K1Z1,Godrej Industries,INV-1010,2025-06-03,197522.13,0.00,17776.99,17776.99,233076.11
07AAACX9999H1Z3,HDFC Bank,INV-1011,2025-06-04,175595.56,49166.76,0.00,0.00,224762.32
07AAACY7777A1Z5,ICICI Bank,INV-1012,2025-06-05,41558.31,0.00,5818.16,5818.16,53194.63
27AAACL1234Q1Z2,Larsen & Toubro,INV-1013,2025-06-06,50050.35,0.00,7007.05,7007.05,64064.45
27AAACM5678R1Z4,Mahindra & Mahindra,INV-1014,2025-06-07,64037.21,7684.47,0.00,0.00,71721.68
27AAACA2468S1Z6,Adani Enterprises,INV-1015,2025-06-08,78680.42,0.00,4720.83,4720.83,88122.08
27AAACB1357T1Z8,Bajaj Auto,INV-1016,2025-06-09,202415.16,0.00,5060.38,5060.38,212535.92
07AAACH8642U1Z1,Hindustan Unilever,INV-1017,2025-06-10,142784.56,39979.68,0.00,0.00,182764.24
07AAACS7531V1Z3,Sun Pharma,INV-1018,2025-06-11,141535.26,0.00,8492.12,8492.12,158519.50
27AAACC6420W1Z5,Coal India,INV-1019,2025-06-12,100162.67,0.00,9014.64,9014.64,118191.95
27AAACN5319X1Z7,NTPC Limited,INV-1020,2025-06-13,54817.50,2740.88,0.00,0.00,57558.38
27AAACG1234F1Z5,Reliance Industries,INV-1021,2025-06-14,230945.40,0.00,20785.09,20785.09,272515.58
27AAACH5678B1Z2,Tata Steel Limited,INV-1022,2025-06-15,27653.68,0.00,1659.22,1659.22,30972.12
07AAACI2345D1Z6,Infosys Limited,INV-1023,2025-06-16,17626.47,4935.41,0.00,0.00,22561.88
27AAACJ8765E1Z3,Bharat Petroleum,INV-1024,2025-06-17,170049.62,0.00,4251.24,4251.24,178552.10
27AAACK4321F1Z4,ITC Limited,INV-1025,2025-06-18,219037.01,0.00,13142.22,13142.22,245321.45
07AAACL9876G1Z1,Wipro Limited,INV-1026,2025-06-19,202139.40,24256.73,0.00,0.00,226396.13
27AAACM2468H1Z7,Maruti Suzuki India,INV-1027,2025-06-20,122451.58,0.00,11020.64,11020.64,144492.86
27AAACN1357I1Z8,Tata Motors,INV-1028,2025-06-21,79281.07,0.00,1982.03,1982.03,83245.13
07AAACO8642J1Z9,Asian Paints,INV-1029,2025-06-22,56892.90,6827.15,0.00,0.00,63720.05
27AAACP7531K1Z1,Godrej Industries,INV-1030,2025-06-23,240709.00,0.00,6017.73,6017.73,252744.46
07AAACX9999H1Z3,HDFC Bank,INV-1031,2025-06-24,187985.41,0.00,26317.96,26317.96,240621.33
07AAACY7777A1Z5,ICICI Bank,INV-1032,2025-06-25,229038.12,27484.57,0.00,0.00,256522.69
27AAACL1234Q1Z2,Larsen & Toubro,INV-1033,2025-06-26,102174.85,0.00,6130.49,6130.49,114435.83
27AAACM5678R1Z4,Mahindra & Mahindra,INV-1034,2025-06-27,140259.43,0.00,12623.35,12623.35,165506.13
27AAACA2468S1Z6,Adani Enterprises,INV-1035,2025-06-28,98262.13,17687.18,0.00,0.00,115949.31
27AAACB1357T1Z8,Bajaj Auto,INV-1036,2025-06-01,80563.46,0.00,7250.71,7250.71,95064.88
07AAACH8642U1Z1,Hindustan Unilever,INV-1037,2025-06-02,130640.05,0.00,18289.61,18289.61,167219.27
07AAACS7531V1Z3,Sun Pharma,INV-1038,2025-06-03,119171.00,33367.88,0.00,0.00,152538.88
27AAACC6420W1Z5,Coal India,INV-1039,2025-06-04,191599.10,0.00,17243.92,17243.92,226086.94
27AAACN5319X1Z7,NTPC Limited,INV-1040,2025-06-05,229010.97,0.00,20610.99,20610.99,270232.95
27AAACG1234F1Z5,Reliance Industries,INV-1041,2025-06-06,81665.89,4083.29,0.00,0.00,85749.18
27AAACH5678B1Z2,Tata Steel Limited,INV-1042,2025-06-07,142818.56,0.00,8569.11,8569.11,159956.78
07AAACI2345D1Z6,Infosys Limited,INV-1043,2025-06-08,186606.83,0.00,4665.17,4665.17,195937.17
27AAACJ8765E1Z3,Bharat Petroleum,INV-1044,2025-06-09,68889.66,19289.10,0.00,0.00,88178.76
27AAACK4321F1Z4,ITC Limited,INV-1045,2025-06-10,77322.11,0.00,4639.33,4639.33,86600.77
07AAACL9876G1Z1,Wipro Limited,INV-1046,2025-06-11,85817.00,0.00,12014.38,12014.38,109845.76
27AAACM2468H1Z7,Maruti Suzuki India,INV-1047,2025-06-12,144598.43,17351.81,0.00,0.00,161950.24
27AAACN1357I1Z8,Tata Motors,INV-1048,2025-06-13,127328.86,0.00,11459.60,11459.60,150248.06
07AAACO8642J1Z9,Asian Paints,INV-1049,2025-06-14,68045.06,0.00,9526.31,9526.31,87097.68
27AAACP7531K1Z1,Godrej Industries,INV-1050,2025-06-15,241794.53,67702.47,0.00,0.00,309497.00
07AAACX9999H1Z3,HDFC Bank,INV-1051,2025-06-16,117903.10,0.00,10611.28,10611.28,139125.66
07AAACY7777A1Z5,ICICI Bank,INV-1052,2025-06-17,46470.10,0.00,6505.81,6505.81,59481.72
27AAACL1234Q1Z2,Larsen & Toubro,INV-1053,2025-06-18,50091.70,2504.59,0.00,0.00,52596.29
27AAACM5678R1Z4,Mahindra & Mahindra,INV-1054,2025-06-19,133366.38,0.00,3334.16,3334.16,140034.70
27AAACA2468S1Z6,Adani Enterprises,INV-1055,2025-06-20,236571.09,0.00,5914.28,5914.28,248399.65
27AAACB1357T1Z8,Bajaj Auto,INV-1056,2025-06-21,192263.02,53833.65,0.00,0.00,246096.67
07AAACH8642U1Z1,Hindustan Unilever,INV-1057,2025-06-22,38685.42,0.00,2321.13,2321.13,43327.68
07AAACS7531V1Z3,Sun Pharma,INV-1058,2025-06-23,21652.15,0.00,1299.13,1299.13,24250.41
27AAACC6420W1Z5,Coal India,INV-1059,2025-06-24,7239.66,2027.10,0.00,0.00,9266.76
27AAACN5319X1Z7,NTPC Limited,INV-1060,2025-06-25,96434.17,0.00,13500.78,13500.78,123435.73
27AAACG1234F1Z5,Reliance Industries,INV-1061,2025-06-26,166524.66,0.00,4163.12,4163.12,174850.90
27AAACH5678B1Z2,Tata Steel Limited,INV-1062,2025-06-27,6620.03,1853.61,0.00,0.00,8473.64
07AAACI2345D1Z6,Infosys Limited,INV-1063,2025-06-28,7903.49,0.00,711.31,711.31,9326.11
27AAACJ8765E1Z3,Bharat Petroleum,INV-1064,2025-06-01,136255.84,0.00,12263.03,12263.03,160781.90
27AAACK4321F1Z4,ITC Limited,INV-1065,2025-06-02,9199.94,2575.98,0.00,0.00,11775.92
07AAACL9876G1Z1,Wipro Limited,INV-1066,2025-06-03,202511.09,0.00,12150.67,12150.67,226812.43
27AAACM2468H1Z7,Maruti Suzuki India,INV-1067,2025-06-04,31219.03,0.00,780.48,780.48,32779.99
27AAACN1357I1Z8,Tata Motors,INV-1068,2025-06-05,133474.42,16016.93,0.00,0.00,149491.35
07AAACO8642J1Z9,Asian Paints,INV-1069,2025-06-06,52023.35,0.00,4682.10,4682.10,61387.55
27AAACP7531K1Z1,Godrej Industries,INV-1070,2025-06-07,204727.53,0.00,18425.48,18425.48,241578.49
07AAACX9999H1Z3,HDFC Bank,INV-1071,2025-06-08,199759.40,9987.97,0.00,0.00,209747.37
07AAACY7777A1Z5,ICICI Bank,INV-1072,2025-06-09,96397.64,0.00,13495.67,13495.67,123388.98
27AAACL1234Q1Z2,Larsen & Toubro,INV-1073,2025-06-10,117454.45,0.00,7047.27,7047.27,131548.99
27AAACM5678R1Z4,Mahindra & Mahindra,INV-1074,2025-06-11,247607.09,29712.85,0.00,0.00,277319.94
27AAACA2468S1Z6,Adani Enterprises,INV-1075,2025-06-12,78493.79,0.00,1962.34,1962.34,82418.47
27AAACB1357T1Z8,Bajaj Auto,INV-1076,2025-06-13,165165.25,0.00,4129.13,4129.13,173423.51
07AAACH8642U1Z1,Hindustan Unilever,INV-1077,2025-06-14,27907.62,7814.13,0.00,0.00,35721.75
07AAACS7531V1Z3,Sun Pharma,INV-1078,2025-06-15,97406.54,0.00,13636.92,13636.92,124680.38
27AAACC6420W1Z5,Coal India,INV-1079,2025-06-16,18748.16,0.00,468.70,468.70,19685.56
27AAACN5319X1Z7,NTPC Limited,INV-1080,2025-06-17,177197.06,8859.85,0.00,0.00,186056.91
27AAACG1234F1Z5,Reliance Industries,INV-1081,2025-06-18,127465.31,0.00,17845.14,17845.14,163155.59
27AAACH5678B1Z2,Tata Steel Limited,INV-1082,2025-06-19,163002.27,0.00,14670.20,14670.20,192342.67
07AAACI2345D1Z6,Infosys Limited,INV-1083,2025-06-20,143634.87,7181.74,0.00,0.00,150816.61
27AAACJ8765E1Z3,Bharat Petroleum,INV-1084,2025-06-21,224223.85,0.00,5605.60,5605.60,235435.05
27AAACK4321F1Z4,ITC Limited,INV-1085,2025-06-22,61292.79,0.00,8580.99,8580.99,78454.77
07AAACL9876G1Z1,Wipro Limited,INV-1086,2025-06-23,71418.29,3570.91,0.00,0.00,74989.20
27AAACM2468H1Z7,Maruti Suzuki India,INV-1087,2025-06-24,172685.04,0.00,15541.65,15541.65,203768.34
27AAACN1357I1Z8,Tata Motors,INV-1088,2025-06-25,225331.35,0.00,5633.28,5633.28,236597.91
07AAACO8642J1Z9,Asian Paints,INV-1089,2025-06-26,48941.85,8809.53,0.00,0.00,57751.38
27AAACP7531K1Z1,Godrej Industries,INV-1090,2025-06-27,8836.23,0.00,530.17,530.17,9896.57
07AAACX9999H1Z3,HDFC Bank,INV-1091,2025-06-28,148823.85,0.00,20835.34,20835.34,190494.53
07AAACY7777A1Z5,ICICI Bank,INV-1092,2025-06-01,232574.36,41863.38,0.00,0.00,274437.74
27AAACL1234Q1Z2,Larsen & Toubro,INV-1093,2025-06-02,44800.31,0.00,2688.02,2688.02,50176.35
27AAACM5678R1Z4,Mahindra & Mahindra,INV-1094,2025-06-03,143840.50,0.00,20137.67,20137.67,184115.84
27AAACA2468S1Z6,Adani Enterprises,INV-1095,2025-06-04,170873.57,30757.24,0.00,0.00,201630.81
27AAACB1357T1Z8,Bajaj Auto,INV-1096,2025-06-05,99042.32,0.00,5942.54,5942.54,110927.40
07AAACH8642U1Z1,Hindustan Unilever,INV-1097,2025-06-06,198672.03,0.00,4966.80,4966.80,208605.63
07AAACS7531V1Z3,Sun Pharma,INV-1098,2025-06-07,127694.25,22984.97,0.00,0.00,150679.22
27AAACC6420W1Z5,Coal India,INV-1099,2025-06-08,18155.63,0.00,2541.79,2541.79,23239.21
27AAACN5319X1Z7,NTPC Limited,INV-1100,2025-06-09,61875.28,0.00,1546.88,1546.88,64969.04
27AAACG1234F1Z5,Reliance Industries,INV-1101,2025-06-10,88445.22,24764.66,0.00,0.00,113209.88
27AAACH5678B1Z2,Tata Steel Limited,INV-1102,2025-06-11,242385.53,0.00,21814.70,21814.70,286014.93
07AAACI2345D1Z6,Infosys Limited,INV-1103,2025-06-12,12258.29,0.00,1103.25,1103.25,14464.79
27AAACJ8765E1Z3,Bharat Petroleum,INV-1104,2025-06-13,196969.29,55151.40,0.00,0.00,252120.69
27AAACK4321F1Z4,ITC Limited,INV-1105,2025-06-14,125197.85,0.00,11267.81,11267.81,147733.47
07AAACL9876G1Z1,Wipro Limited,INV-1106,2025-06-15,140494.24,0.00,19669.19,19669.19,179832.62
27AAACM2468H1Z7,Maruti Suzuki India,INV-1107,2025-06-16,110802.75,31024.77,0.00,0.00,141827.52
27AAACN1357I1Z8,Tata Motors,INV-1108,2025-06-17,25995.06,0.00,2339.56,2339.56,30674.18
07AAACO8642J1Z9,Asian Paints,INV-1109,2025-06-18,200523.52,0.00,5013.09,5013.09,210549.70
27AAACP7531K1Z1,Godrej Industries,INV-1110,2025-06-19,25099.31,3011.92,0.00,0.00,28111.23
07AAACX9999H1Z3,HDFC Bank,INV-1111,2025-06-20,98100.00,0.00,5886.00,5886.00,109872.00
07AAACY7777A1Z5,ICICI Bank,INV-1112,2025-06-21,186215.55,0.00,16759.40,16759.40,219734.35
27AAACL1234Q1Z2,Larsen & Toubro,INV-1113,2025-06-22,93371.56,4668.58,0.00,0.00,98040.14
27AAACM5678R1Z4,Mahindra & Mahindra,INV-1114,2025-06-23,6272.83,0.00,564.55,564.55,7401.93
27AAACA2468S1Z6,Adani Enterprises,INV-1115,2025-06-24,113960.29,0.00,10256.43,10256.43,134473.15
27AAACB1357T1Z8,Bajaj Auto,INV-1116,2025-06-25,30046.70,1502.34,0.00,0.00,31549.04
07AAACH8642U1Z1,Hindustan Unilever,INV-1117,2025-06-26,50910.99,0.00,7127.54,7127.54,65166.07
07AAACS7531V1Z3,Sun Pharma,INV-1118,2025-06-27,141461.33,0.00,19804.59,19804.59,181070.51
27AAACC6420W1Z5,Coal India,INV-1119,2025-06-28,30306.77,1515.34,0.00,0.00,31822.11
27AAACN5319X1Z7,NTPC Limited,INV-1120,2025-06-01,91709.00,0.00,2292.72,2292.72,96294.44
27AAACG1234F1Z5,Reliance Industries,INV-1121,2025-06-02,151246.52,0.00,13612.19,13612.19,178470.90
27AAACH5678B1Z2,Tata Steel Limited,INV-1122,2025-06-03,216610.95,10830.55,0.00,0.00,227441.50
07AAACI2345D1Z6,Infosys Limited,INV-1123,2025-06-04,76502.60,0.00,10710.36,10710.36,97923.32
27AAACJ8765E1Z3,Bharat Petroleum,INV-1124,2025-06-05,195896.43,0.00,11753.79,11753.79,219404.01
27AAACK4321F1Z4,ITC Limited,INV-1125,2025-06-06,145130.31,17415.64,0.00,0.00,162545.95
07AAACL9876G1Z1,Wipro Limited,INV-1126,2025-06-07,172902.42,0.00,10374.15,10374.15,193650.72
27AAACM2468H1Z7,Maruti Suzuki India,INV-1127,2025-06-08,39015.81,0.00,3511.42,3511.42,46038.65
27AAACN1357I1Z8,Tata Motors,INV-1128,2025-06-09,70759.67,8491.16,0.00,0.00,79250.83
07AAACO8642J1Z9,Asian Paints,INV-1129,2025-06-10,20500.45,0.00,2870.06,2870.06,26240.57
27AAACP7531K1Z1,Godrej Industries,INV-1130,2025-06-11,72610.66,0.00,6534.96,6534.96,85680.58
07AAACX9999H1Z3,HDFC Bank,INV-1131,2025-06-12,123636.67,6181.83,0.00,0.00,129818.50
07AAACY7777A1Z5,ICICI Bank,INV-1132,2025-06-13,93475.60,0.00,5608.54,5608.54,104692.68
27AAACL1234Q1Z2,Larsen & Toubro,INV-1133,2025-06-14,181620.37,0.00,25426.85,25426.85,232474.07
27AAACM5678R1Z4,Mahindra & Mahindra,INV-1134,2025-06-15,150482.57,18057.91,0.00,0.00,168540.48
27AAACA2468S1Z6,Adani Enterprises,INV-1135,2025-06-16,117176.10,0.00,7030.57,7030.57,131237.24
27AAACB1357T1Z8,Bajaj Auto,INV-1136,2025-06-17,79641.21,0.00,11149.77,11149.77,101940.75
07AAACH8642U1Z1,Hindustan Unilever,INV-1137,2025-06-18,86393.22,24190.10,0.00,0.00,110583.32
07AAACS7531V1Z3,Sun Pharma,INV-1138,2025-06-19,201998.73,0.00,18179.89,18179.89,238358.51
27AAACC6420W1Z5,Coal India,INV-1139,2025-06-20,112854.62,0.00,15799.65,15799.65,144453.92
27AAACN5319X1Z7,NTPC Limited,INV-1140,2025-06-21,204791.49,24574.98,0.00,0.00,229366.47
27AAACG1234F1Z5,Reliance Industries,INV-1141,2025-06-22,78606.64,0.00,4716.40,4716.40,88039.44
27AAACH5678B1Z2,Tata Steel Limited,INV-1142,2025-06-23,122357.39,0.00,7341.44,7341.44,137040.27
07AAACI2345D1Z6,Infosys Limited,INV-1143,2025-06-24,241320.78,43437.74,0.00,0.00,284758.52
27AAACJ8765E1Z3,Bharat Petroleum,INV-1144,2025-06-25,76404.80,0.00,10696.67,10696.67,97798.14
27AAACK4321F1Z4,ITC Limited,INV-1145,2025-06-26,242101.96,0.00,14526.12,14526.12,271154.20
07AAACL9876G1Z1,Wipro Limited,INV-1146,2025-06-27,84842.13,15271.58,0.00,0.00,100113.71
27AAACM2468H1Z7,Maruti Suzuki India,INV-1147,2025-06-28,205041.16,0.00,28705.76,28705.76,262452.68
27AAACN1357I1Z8,Tata Motors,INV-1148,2025-06-01,94428.81,0.00,5665.73,5665.73,105760.27
07AAACO8642J1Z9,Asian Paints,INV-1149,2025-06-02,150095.62,18011.47,0.00,0.00,168107.09
27AAACP7531K1Z1,Godrej Industries,INV-1150,2025-06-03,172019.60,0.00,4300.49,4300.49,180620.58
07AAACX9999H1Z3,HDFC Bank,INV-1151,2025-06-04,238486.13,0.00,33388.06,33388.06,305262.25
07AAACY7777A1Z5,ICICI Bank,INV-1152,2025-06-05,236028.85,28323.46,0.00,0.00,264352.31
27AAACL1234Q1Z2,Larsen & Toubro,INV-1153,2025-06-06,112421.46,0.00,10117.93,10117.93,132657.32
27AAACM5678R1Z4,Mahindra & Mahindra,INV-1154,2025-06-07,208664.04,0.00,5216.60,5216.60,219097.24
27AAACA2468S1Z6,Adani Enterprises,INV-1155,2025-06-08,205646.56,57581.04,0.00,0.00,263227.60
27AAACB1357T1Z8,Bajaj Auto,INV-1156,2025-06-09,169879.52,0.00,10192.77,10192.77,190265.06
07AAACH8642U1Z1,Hindustan Unilever,INV-1157,2025-06-10,160167.33,0.00,9610.04,9610.04,179387.41
07AAACS7531V1Z3,Sun Pharma,INV-1158,2025-06-11,66907.01,8028.84,0.00,0.00,74935.85
27AAACC6420W1Z5,Coal India,INV-1159,2025-06-12,180232.92,0.00,25232.61,25232.61,230698.14
27AAACN5319X1Z7,NTPC Limited,INV-1160,2025-06-13,23121.46,0.00,3237.00,3237.00,29595.46
27AAACG1234F1Z5,Reliance Industries,INV-1161,2025-06-14,147649.78,41341.94,0.00,0.00,188991.72
27AAACH5678B1Z2,Tata Steel Limited,INV-1162,2025-06-15,138193.07,0.00,12437.38,12437.38,163067.83
07AAACI2345D1Z6,Infosys Limited,INV-1163,2025-06-16,176900.40,0.00,4422.51,4422.51,185745.42
27AAACJ8765E1Z3,Bharat Petroleum,INV-1164,2025-06-17,31795.51,3815.46,0.00,0.00,35610.97
27AAACK4321F1Z4,ITC Limited,INV-1165,2025-06-18,166112.40,0.00,14950.12,14950.12,196012.64
07AAACL9876G1Z1,Wipro Limited,INV-1166,2025-06-19,45752.93,0.00,1143.82,1143.82,48040.57
27AAACM2468H1Z7,Maruti Suzuki India,INV-1167,2025-06-20,142988.97,40036.91,0.00,0.00,183025.88
27AAACN1357I1Z8,Tata Motors,INV-1168,2025-06-21,241868.73,0.00,21768.19,21768.19,285405.11
07AAACO8642J1Z9,Asian Paints,INV-1169,2025-06-22,241600.61,0.00,33824.09,33824.09,309248.79
27AAACP7531K1Z1,Godrej Industries,INV-1170,2025-06-23,30956.42,1547.82,0.00,0.00,32504.24
07AAACX9999H1Z3,HDFC Bank,INV-1171,2025-06-24,68390.90,0.00,4103.45,4103.45,76597.80
07AAACY7777A1Z5,ICICI Bank,INV-1172,2025-06-25,114215.75,0.00,15990.21,15990.21,146196.17
27AAACL1234Q1Z2,Larsen & Toubro,INV-1173,2025-06-26,118450.49,14214.06,0.00,0.00,132664.55
27AAACM5678R1Z4,Mahindra & Mahindra,INV-1174,2025-06-27,89517.01,0.00,2237.93,2237.93,93992.87
27AAACA2468S1Z6,Adani Enterprises,INV-1175,2025-06-28,123278.92,0.00,11095.10,11095.10,145469.12
27AAACB1357T1Z8,Bajaj Auto,INV-1176,2025-06-01,106913.98,5345.70,0.00,0.00,112259.68
07AAACH8642U1Z1,Hindustan Unilever,INV-1177,2025-06-02,33436.99,0.00,2006.22,2006.22,37449.43
07AAACS7531V1Z3,Sun Pharma,INV-1178,2025-06-03,90340.52,0.00,8130.65,8130.65,106601.82
27AAACC6420W1Z5,Coal India,INV-1179,2025-06-04,116556.50,13986.78,0.00,0.00,130543.28
27AAACN5319X1Z7,NTPC Limited,INV-1180,2025-06-05,132673.13,0.00,11940.58,11940.58,156554.29
27AAACG1234F1Z5,Reliance Industries,INV-1181,2025-06-06,121659.82,0.00,17032.37,17032.37,155724.56
27AAACH5678B1Z2,Tata Steel Limited,INV-1182,2025-06-07,181888.52,50928.79,0.00,0.00,232817.31
07AAACI2345D1Z6,Infosys Limited,INV-1183,2025-06-08,83132.82,0.00,7481.95,7481.95,98096.72
27AAACJ8765E1Z3,Bharat Petroleum,INV-1184,2025-06-09,15947.35,0.00,398.68,398.68,16744.71
27AAACK4321F1Z4,ITC Limited,INV-1185,2025-06-10,10533.35,1896.00,0.00,0.00,12429.35
07AAACL9876G1Z1,Wipro Limited,INV-1186,2025-06-11,163752.63,0.00,9825.16,9825.16,183402.95
27AAACM2468H1Z7,Maruti Suzuki India,INV-1187,2025-06-12,232831.00,0.00,13969.86,13969.86,260770.72
27AAACN1357I1Z8,Tata Motors,INV-1188,2025-06-13,131418.51,15770.22,0.00,0.00,147188.73
07AAACO8642J1Z9,Asian Paints,INV-1189,2025-06-14,86092.47,0.00,12052.95,12052.95,110198.37
27AAACP7531K1Z1,Godrej Industries,INV-1190,2025-06-15,239823.34,0.00,14389.40,14389.40,268602.14
07AAACX9999H1Z3,HDFC Bank,INV-1191,2025-06-16,200450.17,24054.02,0.00,0.00,224504.19
07AAACY7777A1Z5,ICICI Bank,INV-1192,2025-06-17,50664.80,0.00,7093.07,7093.07,64850.94
27AAACL1234Q1Z2,Larsen & Toubro,INV-1193,2025-06-18,101917.68,0.00,6115.06,6115.06,114147.80
27AAACM5678R1Z4,Mahindra & Mahindra,INV-1194,2025-06-19,115145.88,32240.85,0.00,0.00,147386.73
27AAACA2468S1Z6,Adani Enterprises,INV-1195,2025-06-20,100264.77,0.00,6015.89,6015.89,112296.55
27AAACB1357T1Z8,Bajaj Auto,INV-1196,2025-06-21,55417.20,0.00,1385.43,1385.43,58188.06
07AAACH8642U1Z1,Hindustan Unilever,INV-1197,2025-06-22,146450.24,17574.03,0.00,0.00,164024.27
07AAACS7531V1Z3,Sun Pharma,INV-1198,2025-06-23,94619.29,0.00,5677.16,5677.16,105973.61
27AAACC6420W1Z5,Coal India,INV-1199,2025-06-24,117099.85,0.00,10538.99,10538.99,138177.83
27AAACN5319X1Z7,NTPC Limited,INV-1200,2025-06-25,169321.85,47410.12,0.00,0.00,216731.97
27AAACG1234F1Z5,Reliance Industries,INV-1201,2025-06-26,134290.18,0.00,12086.12,12086.12,158462.42
27AAACH5678B1Z2,Tata Steel Limited,INV-1202,2025-06-27,151257.85,0.00,21176.10,21176.10,193610.05
07AAACI2345D1Z6,Infosys Limited,INV-1203,2025-06-28,148816.16,26786.91,0.00,0.00,175603.07
27AAACJ8765E1Z3,Bharat Petroleum,INV-1204,2025-06-01,91236.31,0.00,12773.08,12773.08,116782.47
27AAACK4321F1Z4,ITC Limited,INV-1205,2025-06-02,156253.86,0.00,14062.85,14062.85,184379.56
07AAACL9876G1Z1,Wipro Limited,INV-1206,2025-06-03,230077.23,11503.86,0.00,0.00,241581.09
27AAACM2468H1Z7,Maruti Suzuki India,INV-1207,2025-06-04,169666.97,0.00,15270.03,15270.03,200207.03
27AAACN1357I1Z8,Tata Motors,INV-1208,2025-06-05,33876.10,0.00,3048.85,3048.85,39973.80
07AAACO8642J1Z9,Asian Paints,INV-1209,2025-06-06,33652.48,6057.45,0.00,0.00,39709.93
27AAACP7531K1Z1,Godrej Industries,INV-1210,2025-06-07,174891.95,0.00,24484.87,24484.87,223861.69
07AAACX9999H1Z3,HDFC Bank,INV-1211,2025-06-08,107468.58,0.00,6448.11,6448.11,120364.80
07AAACY7777A1Z5,ICICI Bank,INV-1212,2025-06-09,145827.48,40831.69,0.00,0.00,186659.17
27AAACL1234Q1Z2,Larsen & Toubro,INV-1213,2025-06-10,50509.66,0.00,3030.58,3030.58,56570.82
27AAACM5678R1Z4,Mahindra & Mahindra,INV-1214,2025-06-11,140953.58,0.00,19733.50,19733.50,180420.58
27AAACA2468S1Z6,Adani Enterprises,INV-1215,2025-06-12,75764.52,9091.74,0.00,0.00,84856.26
27AAACB1357T1Z8,Bajaj Auto,INV-1216,2025-06-13,82072.10,0.00,11490.09,11490.09,105052.28
07AAACH8642U1Z1,Hindustan Unilever,INV-1217,2025-06-14,156755.44,0.00,14107.99,14107.99,184971.42
07AAACS7531V1Z3,Sun Pharma,INV-1218,2025-06-15,238201.28,66696.36,0.00,0.00,304897.64
27AAACC6420W1Z5,Coal India,INV-1219,2025-06-16,38451.01,0.00,5383.14,5383.14,49217.29
27AAACN5319X1Z7,NTPC Limited,INV-1220,2025-06-17,241138.13,0.00,33759.34,33759.34,308656.81
27AAACG1234F1Z5,Reliance Industries,INV-1221,2025-06-18,105237.92,29466.62,0.00,0.00,134704.54
27AAACH5678B1Z2,Tata Steel Limited,INV-1222,2025-06-19,106829.46,0.00,14956.12,14956.12,136741.70
07AAACI2345D1Z6,Infosys Limited,INV-1223,2025-06-20,124731.38,0.00,3118.28,3118.28,130967.94
27AAACJ8765E1Z3,Bharat Petroleum,INV-1224,2025-06-21,143522.46,17222.70,0.00,0.00,160745.16
27AAACK4321F1Z4,ITC Limited,INV-1225,2025-06-22,76562.03,0.00,6890.58,6890.58,90343.19
07AAACL9876G1Z1,Wipro Limited,INV-1226,2025-06-23,60086.64,0.00,5407.80,5407.80,70902.24
27AAACM2468H1Z7,Maruti Suzuki India,INV-1227,2025-06-24,46211.20,12939.14,0.00,0.00,59150.34
27AAACN1357I1Z8,Tata Motors,INV-1228,2025-06-25,143584.36,0.00,20101.81,20101.81,183787.98
07AAACO8642J1Z9,Asian Paints,INV-1229,2025-06-26,139682.92,0.00,3492.07,3492.07,146667.06
27AAACP7531K1Z1,Godrej Industries,INV-1230,2025-06-27,145314.94,26156.69,0.00,0.00,171471.63
07AAACX9999H1Z3,HDFC Bank,INV-1231,2025-06-28,194902.69,0.00,17541.24,17541.24,229985.17
07AAACY7777A1Z5,ICICI Bank,INV-1232,2025-06-01,137800.63,0.00,3445.02,3445.02,144690.67
27AAACL1234Q1Z2,Larsen & Toubro,INV-1233,2025-06-02,191201.01,53536.28,0.00,0.00,244737.29
27AAACM5678R1Z4,Mahindra & Mahindra,INV-1234,2025-06-03,138856.55,0.00,19439.92,19439.92,177736.39
27AAACA2468S1Z6,Adani Enterprises,INV-1235,2025-06-04,30092.03,0.00,1805.52,1805.52,33703.07
27AAACB1357T1Z8,Bajaj Auto,INV-1236,2025-06-05,77938.69,3896.93,0.00,0.00,81835.62
07AAACH8642U1Z1,Hindustan Unilever,INV-1237,2025-06-06,115184.42,0.00,10366.60,10366.60,135917.62
07AAACS7531V1Z3,Sun Pharma,INV-1238,2025-06-07,216238.91,0.00,5405.97,5405.97,227050.85
27AAACC6420W1Z5,Coal India,INV-1239,2025-06-08,112572.13,5628.61,0.00,0.00,118200.74
27AAACN5319X1Z7,NTPC Limited,INV-1240,2025-06-09,195029.75,0.00,11701.78,11701.78,218433.31
27AAACG1234F1Z5,Reliance Industries,INV-1241,2025-06-10,56420.15,0.00,5077.81,5077.81,66575.77
27AAACH5678B1Z2,Tata Steel Limited,INV-1242,2025-06-11,215956.93,60467.94,0.00,0.00,276424.87
07AAACI2345D1Z6,Infosys Limited,INV-1243,2025-06-12,45665.50,0.00,2739.93,2739.93,51145.36
27AAACJ8765E1Z3,Bharat Petroleum,INV-1244,2025-06-13,197288.08,0.00,11837.28,11837.28,220962.64
27AAACK4321F1Z4,ITC Limited,INV-1245,2025-06-14,202332.92,36419.93,0.00,0.00,238752.85
07AAACL9876G1Z1,Wipro Limited,INV-1246,2025-06-15,135408.80,0.00,8124.53,8124.53,151657.86
27AAACM2468H1Z7,Maruti Suzuki India,INV-1247,2025-06-16,84295.14,0.00,7586.56,7586.56,99468.26
27AAACN1357I1Z8,Tata Motors,INV-1248,2025-06-17,75886.64,13659.60,0.00,0.00,89546.24
07AAACO8642J1Z9,Asian Paints,INV-1249,2025-06-18,238337.35,0.00,5958.43,5958.43,250254.21
27AAACP7531K1Z1,Godrej Industries,INV-1250,2025-06-19,38219.28,0.00,5350.70,5350.70,48920.68
07AAACX9999H1Z3,HDFC Bank,INV-1251,2025-06-20,230098.33,41417.70,0.00,0.00,271516.03
07AAACY7777A1Z5,ICICI Bank,INV-1252,2025-06-21,217426.66,0.00,13045.60,13045.60,243517.86
27AAACL1234Q1Z2,Larsen & Toubro,INV-1253,2025-06-22,176849.50,0.00,10610.97,10610.97,198071.44
27AAACM5678R1Z4,Mahindra & Mahindra,INV-1254,2025-06-23,66170.92,11910.77,0.00,0.00,78081.69
27AAACA2468S1Z6,Adani Enterprises,INV-1255,2025-06-24,207978.04,0.00,29116.93,29116.93,266211.90
27AAACB1357T1Z8,Bajaj Auto,INV-1256,2025-06-25,124917.39,0.00,11242.57,11242.57,147402.53
07AAACH8642U1Z1,Hindustan Unilever,INV-1257,2025-06-26,158814.14,44467.96,0.00,0.00,203282.10
07AAACS7531V1Z3,Sun Pharma,INV-1258,2025-06-27,115737.97,0.00,2893.45,2893.45,121524.87
27AAACC6420W1Z5,Coal India,INV-1259,2025-06-28,103698.44,0.00,9332.86,9332.86,122364.16
27AAACN5319X1Z7,NTPC Limited,INV-1260,2025-06-01,175202.39,31536.43,0.00,0.00,206738.82
27AAACG1234F1Z5,Reliance Industries,INV-1261,2025-06-02,116400.43,0.00,16296.06,16296.06,148992.55
27AAACH5678B1Z2,Tata Steel Limited,INV-1262,2025-06-03,85185.87,0.00,2129.65,2129.65,89445.17
07AAACI2345D1Z6,Infosys Limited,INV-1263,2025-06-04,217882.40,10894.12,0.00,0.00,228776.52
27AAACJ8765E1Z3,Bharat Petroleum,INV-1264,2025-06-05,184078.32,0.00,25770.96,25770.96,235620.24
27AAACK4321F1Z4,ITC Limited,INV-1265,2025-06-06,160535.93,0.00,14448.23,14448.23,189432.39
07AAACL9876G1Z1,Wipro Limited,INV-1266,2025-06-07,213276.03,59717.29,0.00,0.00,272993.32
27AAACM2468H1Z7,Maruti Suzuki India,INV-1267,2025-06-08,58368.33,0.00,8171.57,8171.57,74711.47
27AAACN1357I1Z8,Tata Motors,INV-1268,2025-06-09,207087.67,0.00,28992.27,28992.27,265072.21
07AAACO8642J1Z9,Asian Paints,INV-1269,2025-06-10,70791.53,12742.48,0.00,0.00,83534.01
27AAACP7531K1Z1,Godrej Industries,INV-1270,2025-06-11,87750.01,0.00,5265.00,5265.00,98280.01
07AAACX9999H1Z3,HDFC Bank,INV-1271,2025-06-12,143704.82,0.00,20118.67,20118.67,183942.16
07AAACY7777A1Z5,ICICI Bank,INV-1272,2025-06-13,198134.40,9906.72,0.00,0.00,208041.12
27AAACL1234Q1Z2,Larsen & Toubro,INV-1273,2025-06-14,16256.02,0.00,2275.84,2275.84,20807.70
27AAACM5678R1Z4,Mahindra & Mahindra,INV-1274,2025-06-15,8988.93,0.00,539.34,539.34,10067.61
27AAACA2468S1Z6,Adani Enterprises,INV-1275,2025-06-16,113115.06,5655.75,0.00,0.00,118770.81
27AAACB1357T1Z8,Bajaj Auto,INV-1276,2025-06-17,248000.37,0.00,34720.05,34720.05,317440.47
07AAACH8642U1Z1,Hindustan Unilever,INV-1277,2025-06-18,54567.96,0.00,3274.08,3274.08,61116.12
07AAACS7531V1Z3,Sun Pharma,INV-1278,2025-06-19,221126.20,39802.72,0.00,0.00,260928.92
27AAACC6420W1Z5,Coal India,INV-1279,2025-06-20,43949.48,0.00,3955.45,3955.45,51860.38
27AAACN5319X1Z7,NTPC Limited,INV-1280,2025-06-21,27868.30,0.00,2508.15,2508.15,32884.60
27AAACG1234F1Z5,Reliance Industries,INV-1281,2025-06-22,66345.37,11942.17,0.00,0.00,78287.54
27AAACH5678B1Z2,Tata Steel Limited,INV-1282,2025-06-23,167804.66,0.00,10068.28,10068.28,187941.22
07AAACI2345D1Z6,Infosys Limited,INV-1283,2025-06-24,17687.88,0.00,1591.91,1591.91,20871.70
27AAACJ8765E1Z3,Bharat Petroleum,INV-1284,2025-06-25,182867.15,21944.06,0.00,0.00,204811.21
27AAACK4321F1Z4,ITC Limited,INV-1285,2025-06-26,110161.58,0.00,2754.04,2754.04,115669.66
07AAACL9876G1Z1,Wipro Limited,INV-1286,2025-06-27,177406.02,0.00,4435.15,4435.15,186276.32
27AAACM2468H1Z7,Maruti Suzuki India,INV-1287,2025-06-28,57288.19,2864.41,0.00,0.00,60152.60
27AAACN1357I1Z8,Tata Motors,INV-1288,2025-06-01,37511.45,0.00,2250.69,2250.69,42012.83
07AAACO8642J1Z9,Asian Paints,INV-1289,2025-06-02,132263.84,0.00,18516.94,18516.94,169297.72
27AAACP7531K1Z1,Godrej Industries,INV-1290,2025-06-03,7275.30,1309.55,0.00,0.00,8584.85
07AAACX9999H1Z3,HDFC Bank,INV-1291,2025-06-04,205191.71,0.00,28726.84,28726.84,262645.39
07AAACY7777A1Z5,ICICI Bank,INV-1292,2025-06-05,175037.60,0.00,24505.26,24505.26,224048.12
27AAACL1234Q1Z2,Larsen & Toubro,INV-1293,2025-06-06,22352.93,6258.82,0.00,0.00,28611.75
27AAACM5678R1Z4,Mahindra & Mahindra,INV-1294,2025-06-07,26886.11,0.00,672.15,672.15,28230.41
27AAACA2468S1Z6,Adani Enterprises,INV-1295,2025-06-08,30284.38,0.00,2725.59,2725.59,35735.56
27AAACB1357T1Z8,Bajaj Auto,INV-1296,2025-06-09,220842.30,26501.08,0.00,0.00,247343.38
07AAACH8642U1Z1,Hindustan Unilever,INV-1297,2025-06-10,98766.66,0.00,5926.00,5926.00,110618.66
07AAACS7531V1Z3,Sun Pharma,INV-1298,2025-06-11,162186.16,0.00,9731.17,9731.17,181648.50
27AAACC6420W1Z5,Coal India,INV-1299,2025-06-12,21760.84,1088.04,0.00,0.00,22848.88
27AAACN5319X1Z7,NTPC Limited,INV-1300,2025-06-13,154528.21,0.00,9271.69,9271.69,173071.59
27AAACG1234F1Z5,Reliance Industries,INV-1301,2025-06-14,112824.36,0.00,6769.46,6769.46,126363.28
27AAACH5678B1Z2,Tata Steel Limited,INV-1302,2025-06-15,158879.61,19065.55,0.00,0.00,177945.16
07AAACI2345D1Z6,Infosys Limited,INV-1303,2025-06-16,230374.06,0.00,32252.37,32252.37,294878.80
27AAACJ8765E1Z3,Bharat Petroleum,INV-1304,2025-06-17,215690.82,0.00,5392.27,5392.27,226475.36
27AAACK4321F1Z4,ITC Limited,INV-1305,2025-06-18,224665.27,26959.83,0.00,0.00,251625.10
07AAACL9876G1Z1,Wipro Limited,INV-1306,2025-06-19,189349.18,0.00,26508.89,26508.89,242366.96
27AAACM2468H1Z7,Maruti Suzuki India,INV-1307,2025-06-20,91126.23,0.00,12757.67,12757.67,116641.57
27AAACN1357I1Z8,Tata Motors,INV-1308,2025-06-21,82053.40,9846.41,0.00,0.00,91899.81
07AAACO8642J1Z9,Asian Paints,INV-1309,2025-06-22,65707.66,0.00,1642.69,1642.69,68993.04
27AAACP7531K1Z1,Godrej Industries,INV-1310,2025-06-23,65800.92,0.00,5922.08,5922.08,77645.08
07AAACX9999H1Z3,HDFC Bank,INV-1311,2025-06-24,195847.56,9792.38,0.00,0.00,205639.94
07AAACY7777A1Z5,ICICI Bank,INV-1312,2025-06-25,212733.57,0.00,19146.02,19146.02,251025.61
27AAACL1234Q1Z2,Larsen & Toubro,INV-1313,2025-06-26,55334.20,0.00,3320.05,3320.05,61974.30
27AAACM5678R1Z4,Mahindra & Mahindra,INV-1314,2025-06-27,188221.69,33879.90,0.00,0.00,222101.59
27AAACA2468S1Z6,Adani Enterprises,INV-1315,2025-06-28,163311.59,0.00,9798.70,9798.70,182908.99
27AAACB1357T1Z8,Bajaj Auto,INV-1316,2025-06-01,126247.49,0.00,3156.19,3156.19,132559.87
07AAACH8642U1Z1,Hindustan Unilever,INV-1317,2025-06-02,64065.03,3203.25,0.00,0.00,67268.28
07AAACS7531V1Z3,Sun Pharma,INV-1318,2025-06-03,134430.19,0.00,3360.75,3360.75,141151.69
27AAACC6420W1Z5,Coal India,INV-1319,2025-06-04,246786.22,0.00,22210.76,22210.76,291207.74
27AAACN5319X1Z7,NTPC Limited,INV-1320,2025-06-05,37335.81,10454.03,0.00,0.00,47789.84
27AAACG1234F1Z5,Reliance Industries,INV-1321,2025-06-06,94526.05,0.00,5671.56,5671.56,105869.17
27AAACH5678B1Z2,Tata Steel Limited,INV-1322,2025-06-07,191867.85,0.00,4796.70,4796.70,201461.25
07AAACI2345D1Z6,Infosys Limited,INV-1323,2025-06-08,9088.90,454.44,0.00,0.00,9543.34
27AAACJ8765E1Z3,Bharat Petroleum,INV-1324,2025-06-09,8379.39,0.00,502.76,502.76,9384.91
27AAACK4321F1Z4,ITC Limited,INV-1325,2025-06-10,14757.58,0.00,368.94,368.94,15495.46
07AAACL9876G1Z1,Wipro Limited,INV-1326,2025-06-11,237426.60,66479.45,0.00,0.00,303906.05
27AAACM2468H1Z7,Maruti Suzuki India,INV-1327,2025-06-12,129119.60,0.00,18076.74,18076.74,165273.08
27AAACN1357I1Z8,Tata Motors,INV-1328,2025-06-13,108775.93,0.00,15228.63,15228.63,139233.19
07AAACO8642J1Z9,Asian Paints,INV-1329,2025-06-14,25194.81,3023.38,0.00,0.00,28218.19
27AAACP7531K1Z1,Godrej Industries,INV-1330,2025-06-15,72979.60,0.00,6568.16,6568.16,86115.92
07AAACX9999H1Z3,HDFC Bank,INV-1331,2025-06-16,24360.28,0.00,1461.62,1461.62,27283.52
07AAACY7777A1Z5,ICICI Bank,INV-1332,2025-06-17,243706.78,29244.81,0.00,0.00,272951.59
27AAACL1234Q1Z2,Larsen & Toubro,INV-1333,2025-06-18,136415.59,0.00,19098.18,19098.18,174611.95
27AAACM5678R1Z4,Mahindra & Mahindra,INV-1334,2025-06-19,148677.10,0.00,3716.93,3716.93,156110.96
27AAACA2468S1Z6,Adani Enterprises,INV-1335,2025-06-20,80991.53,22677.63,0.00,0.00,103669.16
27AAACB1357T1Z8,Bajaj Auto,INV-1336,2025-06-21,183839.80,0.00,11030.39,11030.39,205900.58
07AAACH8642U1Z1,Hindustan Unilever,INV-1337,2025-06-22,19186.96,0.00,479.67,479.67,20146.30
07AAACS7531V1Z3,Sun Pharma,INV-1338,2025-06-23,231533.80,11576.69,0.00,0.00,243110.49
27AAACC6420W1Z5,Coal India,INV-1339,2025-06-24,116076.10,0.00,2901.90,2901.90,121879.90
27AAACN5319X1Z7,NTPC Limited,INV-1340,2025-06-25,80776.07,0.00,4846.56,4846.56,90469.19
27AAACG1234F1Z5,Reliance Industries,INV-1341,2025-06-26,34263.54,4111.62,0.00,0.00,38375.16
27AAACH5678B1Z2,Tata Steel Limited,INV-1342,2025-06-27,176867.40,0.00,10612.04,10612.04,198091.48
07AAACI2345D1Z6,Infosys Limited,INV-1343,2025-06-28,126621.17,0.00,11395.91,11395.91,149412.99
27AAACJ8765E1Z3,Bharat Petroleum,INV-1344,2025-06-01,133136.31,23964.54,0.00,0.00,157100.85
27AAACK4321F1Z4,ITC Limited,INV-1345,2025-06-02,45905.92,0.00,2754.36,2754.36,51414.64
07AAACL9876G1Z1,Wipro Limited,INV-1346,2025-06-03,188695.21,0.00,16982.57,16982.57,222660.35
27AAACM2468H1Z7,Maruti Suzuki India,INV-1347,2025-06-04,184569.28,9228.46,0.00,0.00,193797.74
27AAACN1357I1Z8,Tata Motors,INV-1348,2025-06-05,194000.42,0.00,4850.01,4850.01,203700.44
07AAACO8642J1Z9,Asian Paints,INV-1349,2025-06-06,87077.70,0.00,12190.88,12190.88,111459.46
27AAACP7531K1Z1,Godrej Industries,INV-1350,2025-06-07,71635.25,3581.76,0.00,0.00,75217.01
07AAACX9999H1Z3,HDFC Bank,INV-1351,2025-06-08,69422.66,0.00,1735.57,1735.57,72893.80
07AAACY7777A1Z5,ICICI Bank,INV-1352,2025-06-09,126556.15,0.00,11390.05,11390.05,149336.25
27AAACL1234Q1Z2,Larsen & Toubro,INV-1353,2025-06-10,18582.58,2229.91,0.00,0.00,20812.49
27AAACM5678R1Z4,Mahindra & Mahindra,INV-1354,2025-06-11,95083.51,0.00,8557.52,8557.52,112198.55
27AAACA2468S1Z6,Adani Enterprises,INV-1355,2025-06-12,194465.59,0.00,4861.64,4861.64,204188.87
27AAACB1357T1Z8,Bajaj Auto,INV-1356,2025-06-13,60959.08,3047.95,0.00,0.00,64007.03
07AAACH8642U1Z1,Hindustan Unilever,INV-1357,2025-06-14,15789.29,0.00,394.73,394.73,16578.75
07AAACS7531V1Z3,Sun Pharma,INV-1358,2025-06-15,64915.11,0.00,9088.12,9088.12,83091.35
27AAACC6420W1Z5,Coal India,INV-1359,2025-06-16,94174.24,11300.91,0.00,0.00,105475.15
27AAACN5319X1Z7,NTPC Limited,INV-1360,2025-06-17,48845.43,0.00,1221.14,1221.14,51287.71
27AAACG1234F1Z5,Reliance Industries,INV-1361,2025-06-18,140451.87,0.00,19663.26,19663.26,179778.39
27AAACH5678B1Z2,Tata Steel Limited,INV-1362,2025-06-19,60006.25,7200.75,0.00,0.00,67207.00
07AAACI2345D1Z6,Infosys Limited,INV-1363,2025-06-20,106982.87,0.00,9628.46,9628.46,126239.79
27AAACJ8765E1Z3,Bharat Petroleum,INV-1364,2025-06-21,71458.20,0.00,1786.45,1786.45,75031.10
27AAACK4321F1Z4,ITC Limited,INV-1365,2025-06-22,145026.31,7251.32,0.00,0.00,152277.63
07AAACL9876G1Z1,Wipro Limited,INV-1366,2025-06-23,128000.03,0.00,3200.00,3200.00,134400.03
27AAACM2468H1Z7,Maruti Suzuki India,INV-1367,2025-06-24,48939.37,0.00,1223.48,1223.48,51386.33
27AAACN1357I1Z8,Tata Motors,INV-1368,2025-06-25,238749.45,11937.47,0.00,0.00,250686.92
07AAACO8642J1Z9,Asian Paints,INV-1369,2025-06-26,219862.85,0.00,19787.66,19787.66,259438.17
27AAACP7531K1Z1,Godrej Industries,INV-1370,2025-06-27,194514.23,0.00,17506.28,17506.28,229526.79
07AAACX9999H1Z3,HDFC Bank,INV-1371,2025-06-28,85188.73,23852.84,0.00,0.00,109041.57
07AAACY7777A1Z5,ICICI Bank,INV-1372,2025-06-01,6952.45,0.00,417.15,417.15,7786.75
27AAACL1234Q1Z2,Larsen & Toubro,INV-1373,2025-06-02,76440.80,0.00,6879.67,6879.67,90200.14
27AAACM5678R1Z4,Mahindra & Mahindra,INV-1374,2025-06-03,186196.12,22343.53,0.00,0.00,208539.65
27AAACA2468S1Z6,Adani Enterprises,INV-1375,2025-06-04,118662.04,0.00,16612.69,16612.69,151887.42
27AAACB1357T1Z8,Bajaj Auto,INV-1376,2025-06-05,249457.84,0.00,14967.47,14967.47,279392.78
07AAACH8642U1Z1,Hindustan Unilever,INV-1377,2025-06-06,184453.52,22134.42,0.00,0.00,206587.94
07AAACS7531V1Z3,Sun Pharma,INV-1378,2025-06-07,41888.76,0.00,5864.43,5864.43,53617.62
27AAACC6420W1Z5,Coal India,INV-1379,2025-06-08,10858.01,0.00,977.22,977.22,12812.45
27AAACN5319X1Z7,NTPC Limited,INV-1380,2025-06-09,160805.75,8040.29,0.00,0.00,168846.04
27AAACG1234F1Z5,Reliance Industries,INV-1381,2025-06-10,237992.61,0.00,5949.82,5949.82,249892.25
27AAACH5678B1Z2,Tata Steel Limited,INV-1382,2025-06-11,190937.64,0.00,26731.27,26731.27,244400.18
07AAACI2345D1Z6,Infosys Limited,INV-1383,2025-06-12,213006.47,38341.16,0.00,0.00,251347.63
27AAACJ8765E1Z3,Bharat Petroleum,INV-1384,2025-06-13,30467.51,0.00,1828.05,1828.05,34123.61
27AAACK4321F1Z4,ITC Limited,INV-1385,2025-06-14,107854.88,0.00,2696.37,2696.37,113247.62
07AAACL9876G1Z1,Wipro Limited,INV-1386,2025-06-15,243277.01,29193.24,0.00,0.00,272470.25
27AAACM2468H1Z7,Maruti Suzuki India,INV-1387,2025-06-16,179354.86,0.00,4483.87,4483.87,188322.60
27AAACN1357I1Z8,Tata Motors,INV-1388,2025-06-17,15755.57,0.00,945.33,945.33,17646.23
07AAACO8642J1Z9,Asian Paints,INV-1389,2025-06-18,224835.43,62953.92,0.00,0.00,287789.35
27AAACP7531K1Z1,Godrej Industries,INV-1390,2025-06-19,176707.49,0.00,15903.67,15903.67,208514.83
07AAACX9999H1Z3,HDFC Bank,INV-1391,2025-06-20,117322.22,0.00,2933.06,2933.06,123188.34
07AAACY7777A1Z5,ICICI Bank,INV-1392,2025-06-21,147288.80,17674.66,0.00,0.00,164963.46
27AAACL1234Q1Z2,Larsen & Toubro,INV-1393,2025-06-22,161117.84,0.00,22556.50,22556.50,206230.84
27AAACM5678R1Z4,Mahindra & Mahindra,INV-1394,2025-06-23,23333.47,0.00,583.34,583.34,24500.15
27AAACA2468S1Z6,Adani Enterprises,INV-1395,2025-06-24,111570.81,13388.50,0.00,0.00,124959.31
27AAACB1357T1Z8,Bajaj Auto,INV-1396,2025-06-25,63009.08,0.00,5670.82,5670.82,74350.72
07AAACH8642U1Z1,Hindustan Unilever,INV-1397,2025-06-26,213473.86,0.00,29886.34,29886.34,273246.54
07AAACS7531V1Z3,Sun Pharma,INV-1398,2025-06-27,176677.77,31802.00,0.00,0.00,208479.77
27AAACC6420W1Z5,Coal India,INV-1399,2025-06-28,82924.14,0.00,7463.17,7463.17,97850.48
27AAACN5319X1Z7,NTPC Limited,INV-1400,2025-06-01,62234.75,0.00,3734.09,3734.09,69702.93
27AAACG1234F1Z5,Reliance Industries,INV-1401,2025-06-02,38347.40,1917.37,0.00,0.00,40264.77
27AAACH5678B1Z2,Tata Steel Limited,INV-1402,2025-06-03,43075.59,0.00,2584.54,2584.54,48244.67
07AAACI2345D1Z6,Infosys Limited,INV-1403,2025-06-04,115143.85,0.00,10362.95,10362.95,135869.75
27AAACJ8765E1Z3,Bharat Petroleum,INV-1404,2025-06-05,104595.58,18827.20,0.00,0.00,123422.78
27AAACK4321F1Z4,ITC Limited,INV-1405,2025-06-06,241335.51,0.00,14480.13,14480.13,270295.77
07AAACL9876G1Z1,Wipro Limited,INV-1406,2025-06-07,115719.68,0.00,16200.76,16200.76,148121.20
27AAACM2468H1Z7,Maruti Suzuki India,INV-1407,2025-06-08,69926.94,3496.35,0.00,0.00,73423.29
27AAACN1357I1Z8,Tata Motors,INV-1408,2025-06-09,27153.12,0.00,2443.78,2443.78,32040.68
07AAACO8642J1Z9,Asian Paints,INV-1409,2025-06-10,207464.74,0.00,5186.62,5186.62,217837.98
27AAACP7531K1Z1,Godrej Industries,INV-1410,2025-06-11,57680.09,10382.42,0.00,0.00,68062.51
07AAACX9999H1Z3,HDFC Bank,INV-1411,2025-06-12,41339.33,0.00,2480.36,2480.36,46300.05
07AAACY7777A1Z5,ICICI Bank,INV-1412,2025-06-13,242258.00,0.00,33916.12,33916.12,310090.24
27AAACL1234Q1Z2,Larsen & Toubro,INV-1413,2025-06-14,130797.62,23543.57,0.00,0.00,154341.19
27AAACM5678R1Z4,Mahindra & Mahindra,INV-1414,2025-06-15,68740.86,0.00,4124.45,4124.45,76989.76
27AAACA2468S1Z6,Adani Enterprises,INV-1415,2025-06-16,12615.11,0.00,1766.12,1766.12,16147.35
27AAACB1357T1Z8,Bajaj Auto,INV-1416,2025-06-17,214377.32,25725.28,0.00,0.00,240102.60
07AAACH8642U1Z1,Hindustan Unilever,INV-1417,2025-06-18,28207.69,0.00,705.19,705.19,29618.07
07AAACS7531V1Z3,Sun Pharma,INV-1418,2025-06-19,201954.70,0.00,12117.28,12117.28,226189.26
27AAACC6420W1Z5,Coal India,INV-1419,2025-06-20,34756.05,1737.80,0.00,0.00,36493.85
27AAACN5319X1Z7,NTPC Limited,INV-1420,2025-06-21,208441.22,0.00,12506.47,12506.47,233454.16
27AAACG1234F1Z5,Reliance Industries,INV-1421,2025-06-22,37025.23,0.00,5183.53,5183.53,47392.29
27AAACH5678B1Z2,Tata Steel Limited,INV-1422,2025-06-23,96198.74,4809.94,0.00,0.00,101008.68
07AAACI2345D1Z6,Infosys Limited,INV-1423,2025-06-24,147669.33,0.00,13290.24,13290.24,174249.81
27AAACJ8765E1Z3,Bharat Petroleum,INV-1424,2025-06-25,229770.00,0.00,5744.25,5744.25,241258.50
27AAACK4321F1Z4,ITC Limited,INV-1425,2025-06-26,10341.04,517.05,0.00,0.00,10858.09
07AAACL9876G1Z1,Wipro Limited,INV-1426,2025-06-27,53448.83,0.00,7482.84,7482.84,68414.51
27AAACM2468H1Z7,Maruti Suzuki India,INV-1427,2025-06-28,203278.17,0.00,5081.95,5081.95,213442.07
27AAACN1357I1Z8,Tata Motors,INV-1428,2025-06-01,226744.10,40813.94,0.00,0.00,267558.04
07AAACO8642J1Z9,Asian Paints,INV-1429,2025-06-02,35019.28,0.00,4902.70,4902.70,44824.68
27AAACP7531K1Z1,Godrej Industries,INV-1430,2025-06-03,17406.24,0.00,2436.87,2436.87,22279.98
07AAACX9999H1Z3,HDFC Bank,INV-1431,2025-06-04,206312.92,57767.62,0.00,0.00,264080.54
07AAACY7777A1Z5,ICICI Bank,INV-1432,2025-06-05,126550.97,0.00,17717.14,17717.14,161985.25
27AAACL1234Q1Z2,Larsen & Toubro,INV-1433,2025-06-06,172387.16,0.00,10343.23,10343.23,193073.62
27AAACM5678R1Z4,Mahindra & Mahindra,INV-1434,2025-06-07,91716.10,11005.93,0.00,0.00,102722.03
27AAACA2468S1Z6,Adani Enterprises,INV-1435,2025-06-08,72370.53,0.00,10131.87,10131.87,92634.27
27AAACB1357T1Z8,Bajaj Auto,INV-1436,2025-06-09,221438.83,0.00,5535.97,5535.97,232510.77
07AAACH8642U1Z1,Hindustan Unilever,INV-1437,2025-06-10,155456.11,18654.73,0.00,0.00,174110.84
07AAACS7531V1Z3,Sun Pharma,INV-1438,2025-06-11,163583.21,0.00,22901.65,22901.65,209386.51
27AAACC6420W1Z5,Coal India,INV-1439,2025-06-12,105938.09,0.00,14831.33,14831.33,135600.75
27AAACN5319X1Z7,NTPC Limited,INV-1440,2025-06-13,19939.87,3589.18,0.00,0.00,23529.05
27AAACG1234F1Z5,Reliance Industries,INV-1441,2025-06-14,98838.74,0.00,13837.42,13837.42,126513.58
27AAACH5678B1Z2,Tata Steel Limited,INV-1442,2025-06-15,53867.16,0.00,3232.03,3232.03,60331.22
07AAACI2345D1Z6,Infosys Limited,INV-1443,2025-06-16,159534.83,7976.74,0.00,0.00,167511.57
27AAACJ8765E1Z3,Bharat Petroleum,INV-1444,2025-06-17,247403.89,0.00,22266.35,22266.35,291936.59
27AAACK4321F1Z4,ITC Limited,INV-1445,2025-06-18,122522.69,0.00,17153.18,17153.18,156829.05
07AAACL9876G1Z1,Wipro Limited,INV-1446,2025-06-19,89288.36,16071.90,0.00,0.00,105360.26
27AAACM2468H1Z7,Maruti Suzuki India,INV-1447,2025-06-20,100153.41,0.00,6009.20,6009.20,112171.81
27AAACN1357I1Z8,Tata Motors,INV-1448,2025-06-21,11385.43,0.00,683.13,683.13,12751.69
07AAACO8642J1Z9,Asian Paints,INV-1449,2025-06-22,12179.35,2192.28,0.00,0.00,14371.63
27AAACP7531K1Z1,Godrej Industries,INV-1450,2025-06-23,19354.85,0.00,2709.68,2709.68,24774.21
07AAACX9999H1Z3,HDFC Bank,INV-1451,2025-06-24,134710.91,0.00,8082.65,8082.65,150876.21
07AAACY7777A1Z5,ICICI Bank,INV-1452,2025-06-25,243625.07,12181.25,0.00,0.00,255806.32
27AAACL1234Q1Z2,Larsen & Toubro,INV-1453,2025-06-26,65724.98,0.00,3943.50,3943.50,73611.98
27AAACM5678R1Z4,Mahindra & Mahindra,INV-1454,2025-06-27,70299.12,0.00,1757.48,1757.48,73814.08
27AAACA2468S1Z6,Adani Enterprises,INV-1455,2025-06-28,192192.18,23063.06,0.00,0.00,215255.24
27AAACB1357T1Z8,Bajaj Auto,INV-1456,2025-06-01,146044.57,0.00,20446.24,20446.24,186937.05
07AAACH8642U1Z1,Hindustan Unilever,INV-1457,2025-06-02,91927.14,0.00,5515.63,5515.63,102958.40
07AAACS7531V1Z3,Sun Pharma,INV-1458,2025-06-03,48144.59,8666.03,0.00,0.00,56810.62
27AAACC6420W1Z5,Coal India,INV-1459,2025-06-04,202521.51,0.00,18226.94,18226.94,238975.39
27AAACN5319X1Z7,NTPC Limited,INV-1460,2025-06-05,228925.10,0.00,5723.13,5723.13,240371.36
27AAACG1234F1Z5,Reliance Industries,INV-1461,2025-06-06,177345.96,31922.27,0.00,0.00,209268.23
27AAACH5678B1Z2,Tata Steel Limited,INV-1462,2025-06-07,237151.89,0.00,14229.11,14229.11,265610.11
07AAACI2345D1Z6,Infosys Limited,INV-1463,2025-06-08,142961.68,0.00,8577.70,8577.70,160117.08
27AAACJ8765E1Z3,Bharat Petroleum,INV-1464,2025-06-09,209990.73,58797.40,0.00,0.00,268788.13
27AAACK4321F1Z4,ITC Limited,INV-1465,2025-06-10,137820.53,0.00,8269.23,8269.23,154358.99
07AAACL9876G1Z1,Wipro Limited,INV-1466,2025-06-11,125156.92,0.00,3128.92,3128.92,131414.76
27AAACM2468H1Z7,Maruti Suzuki India,INV-1467,2025-06-12,18761.15,2251.34,0.00,0.00,21012.49
27AAACN1357I1Z8,Tata Motors,INV-1468,2025-06-13,9882.36,0.00,1383.53,1383.53,12649.42
07AAACO8642J1Z9,Asian Paints,INV-1469,2025-06-14,5167.46,0.00,310.05,310.05,5787.56
27AAACP7531K1Z1,Godrej Industries,INV-1470,2025-06-15,202579.13,36464.24,0.00,0.00,239043.37
07AAACX9999H1Z3,HDFC Bank,INV-1471,2025-06-16,180649.72,0.00,16258.47,16258.47,213166.66
07AAACY7777A1Z5,ICICI Bank,INV-1472,2025-06-17,19591.21,0.00,1175.47,1175.47,21942.15
27AAACL1234Q1Z2,Larsen & Toubro,INV-1473,2025-06-18,148719.25,17846.31,0.00,0.00,166565.56
27AAACM5678R1Z4,Mahindra & Mahindra,INV-1474,2025-06-19,194719.79,0.00,17524.78,17524.78,229769.35
27AAACA2468S1Z6,Adani Enterprises,INV-1475,2025-06-20,240336.89,0.00,21630.32,21630.32,283597.53
27AAACB1357T1Z8,Bajaj Auto,INV-1476,2025-06-21,177611.81,49731.31,0.00,0.00,227343.12
07AAACH8642U1Z1,Hindustan Unilever,INV-1477,2025-06-22,148574.08,0.00,13371.67,13371.67,175317.42
07AAACS7531V1Z3,Sun Pharma,INV-1478,2025-06-23,78932.46,0.00,4735.95,4735.95,88404.36
27AAACC6420W1Z5,Coal India,INV-1479,2025-06-24,244085.86,68344.04,0.00,0.00,312429.90
27AAACN5319X1Z7,NTPC Limited,INV-1480,2025-06-25,199001.42,0.00,27860.20,27860.20,254721.82
27AAACG1234F1Z5,Reliance Industries,INV-1481,2025-06-26,164049.17,0.00,9842.95,9842.95,183735.07
27AAACH5678B1Z2,Tata Steel Limited,INV-1482,2025-06-27,178259.82,32086.77,0.00,0.00,210346.59
07AAACI2345D1Z6,Infosys Limited,INV-1483,2025-06-28,59693.12,0.00,3581.59,3581.59,66856.30
27AAACJ8765E1Z3,Bharat Petroleum,INV-1484,2025-06-01,97704.11,0.00,8793.37,8793.37,115290.85
27AAACK4321F1Z4,ITC Limited,INV-1485,2025-06-02,36200.35,1810.02,0.00,0.00,38010.37
07AAACL9876G1Z1,Wipro Limited,INV-1486,2025-06-03,237453.09,0.00,33243.43,33243.43,303939.95
27AAACM2468H1Z7,Maruti Suzuki India,INV-1487,2025-06-04,213435.46,0.00,5335.89,5335.89,224107.24
27AAACN1357I1Z8,Tata Motors,INV-1488,2025-06-05,49610.03,8929.81,0.00,0.00,58539.84
07AAACO8642J1Z9,Asian Paints,INV-1489,2025-06-06,230654.36,0.00,13839.26,13839.26,258332.88
27AAACP7531K1Z1,Godrej Industries,INV-1490,2025-06-07,161713.46,0.00,4042.84,4042.84,169799.14
07AAACX9999H1Z3,HDFC Bank,INV-1491,2025-06-08,234488.51,28138.62,0.00,0.00,262627.13
07AAACY7777A1Z5,ICICI Bank,INV-1492,2025-06-09,86136.26,0.00,2153.41,2153.41,90443.08
27AAACL1234Q1Z2,Larsen & Toubro,INV-1493,2025-06-10,63309.00,0.00,5697.81,5697.81,74704.62
27AAACM5678R1Z4,Mahindra & Mahindra,INV-1494,2025-06-11,46132.42,2306.62,0.00,0.00,48439.04
27AAACA2468S1Z6,Adani Enterprises,INV-1495,2025-06-12,206307.14,0.00,18567.64,18567.64,243442.42
27AAACB1357T1Z8,Bajaj Auto,INV-1496,2025-06-13,114424.33,0.00,10298.19,10298.19,135020.71
07AAACH8642U1Z1,Hindustan Unilever,INV-1497,2025-06-14,56372.65,2818.63,0.00,0.00,59191.28
07AAACS7531V1Z3,Sun Pharma,INV-1498,2025-06-15,90867.88,0.00,2271.70,2271.70,95411.28
27AAACC6420W1Z5,Coal India,INV-1499,2025-06-16,181501.33,0.00,4537.53,4537.53,190576.39
27AAACN5319X1Z7,NTPC Limited,INV-1500,2025-06-17,99554.59,27875.29,0.00,0.00,127429.88
27AAACG1234F1Z5,Reliance Industries,INV-1501,2025-06-18,242429.95,0.00,33940.19,33940.19,310310.33
27AAACH5678B1Z2,Tata Steel Limited,INV-1502,2025-06-19,125805.09,0.00,17612.71,17612.71,161030.51
07AAACI2345D1Z6,Infosys Limited,INV-1503,2025-06-20,91051.64,25494.46,0.00,0.00,116546.10
27AAACJ8765E1Z3,Bharat Petroleum,INV-1504,2025-06-21,29850.00,0.00,4179.00,4179.00,38208.00
27AAACK4321F1Z4,ITC Limited,INV-1505,2025-06-22,198238.85,0.00,11894.33,11894.33,222027.51
07AAACL9876G1Z1,Wipro Limited,INV-1506,2025-06-23,44850.85,2242.54,0.00,0.00,47093.39
27AAACM2468H1Z7,Maruti Suzuki India,INV-1507,2025-06-24,200802.67,0.00,5020.07,5020.07,210842.81
27AAACN1357I1Z8,Tata Motors,INV-1508,2025-06-25,77252.61,0.00,6952.73,6952.73,91158.07
07AAACO8642J1Z9,Asian Paints,INV-1509,2025-06-26,68976.29,3448.81,0.00,0.00,72425.10
27AAACP7531K1Z1,Godrej Industries,INV-1510,2025-06-27,23179.10,0.00,1390.75,1390.75,25960.60
07AAACX9999H1Z3,HDFC Bank,INV-1511,2025-06-28,222543.16,0.00,13352.59,13352.59,249248.34
07AAACY7777A1Z5,ICICI Bank,INV-1512,2025-06-01,184336.35,9216.82,0.00,0.00,193553.17
27AAACL1234Q1Z2,Larsen & Toubro,INV-1513,2025-06-02,87797.89,0.00,12291.70,12291.70,112381.29
27AAACM5678R1Z4,Mahindra & Mahindra,INV-1514,2025-06-03,177603.64,0.00,24864.51,24864.51,227332.66
27AAACA2468S1Z6,Adani Enterprises,INV-1515,2025-06-04,235898.35,28307.80,0.00,0.00,264206.15
27AAACB1357T1Z8,Bajaj Auto,INV-1516,2025-06-05,153792.82,0.00,21530.99,21530.99,196854.80
07AAACH8642U1Z1,Hindustan Unilever,INV-1517,2025-06-06,43490.43,0.00,1087.26,1087.26,45664.95
07AAACS7531V1Z3,Sun Pharma,INV-1518,2025-06-07,86118.17,10334.18,0.00,0.00,96452.35
27AAACC6420W1Z5,Coal India,INV-1519,2025-06-08,105273.57,0.00,9474.62,9474.62,124222.81
27AAACN5319X1Z7,NTPC Limited,INV-1520,2025-06-09,166846.48,0.00,15016.18,15016.18,196878.84
27AAACG1234F1Z5,Reliance Industries,INV-1521,2025-06-10,63199.33,3159.97,0.00,0.00,66359.30
27AAACH5678B1Z2,Tata Steel Limited,INV-1522,2025-06-11,101261.04,0.00,14176.55,14176.55,129614.14
07AAACI2345D1Z6,Infosys Limited,INV-1523,2025-06-12,42629.53,0.00,3836.66,3836.66,50302.85
27AAACJ8765E1Z3,Bharat Petroleum,INV-1524,2025-06-13,5934.82,296.74,0.00,0.00,6231.56
27AAACK4321F1Z4,ITC Limited,INV-1525,2025-06-14,77164.61,0.00,10803.05,10803.05,98770.71
07AAACL9876G1Z1,Wipro Limited,INV-1526,2025-06-15,53920.33,0.00,1348.01,1348.01,56616.35
27AAACM2468H1Z7,Maruti Suzuki India,INV-1527,2025-06-16,55703.48,10026.63,0.00,0.00,65730.11
27AAACN1357I1Z8,Tata Motors,INV-1528,2025-06-17,244379.14,0.00,34213.08,34213.08,312805.30
07AAACO8642J1Z9,Asian Paints,INV-1529,2025-06-18,211723.42,0.00,19055.11,19055.11,249833.64
27AAACP7531K1Z1,Godrej Industries,INV-1530,2025-06-19,197294.76,55242.53,0.00,0.00,252537.29
07AAACX9999H1Z3,HDFC Bank,INV-1531,2025-06-20,124828.72,0.00,11234.58,11234.58,147297.88
07AAACY7777A1Z5,ICICI Bank,INV-1532,2025-06-21,27328.53,0.00,3825.99,3825.99,34980.51
27AAACL1234Q1Z2,Larsen & Toubro,INV-1533,2025-06-22,50295.90,14082.85,0.00,0.00,64378.75
27AAACM5678R1Z4,Mahindra & Mahindra,INV-1534,2025-06-23,95503.41,0.00,13370.48,13370.48,122244.37
27AAACA2468S1Z6,Adani Enterprises,INV-1535,2025-06-24,15931.15,0.00,2230.36,2230.36,20391.87
27AAACB1357T1Z8,Bajaj Auto,INV-1536,2025-06-25,118939.20,14272.70,0.00,0.00,133211.90
07AAACH8642U1Z1,Hindustan Unilever,INV-1537,2025-06-26,210084.29,0.00,5252.11,5252.11,220588.51
07AAACS7531V1Z3,Sun Pharma,INV-1538,2025-06-27,42027.02,0.00,1050.68,1050.68,44128.38
27AAACC6420W1Z5,Coal India,INV-1539,2025-06-28,25998.29,4679.69,0.00,0.00,30677.98
27AAACN5319X1Z7,NTPC Limited,INV-1540,2025-06-01,203004.14,0.00,28420.58,28420.58,259845.30
27AAACG1234F1Z5,Reliance Industries,INV-1541,2025-06-02,242822.86,0.00,14569.37,14569.37,271961.60
27AAACH5678B1Z2,Tata Steel Limited,INV-1542,2025-06-03,140632.47,39377.09,0.00,0.00,180009.56
07AAACI2345D1Z6,Infosys Limited,INV-1543,2025-06-04,205509.28,0.00,28771.30,28771.30,263051.88
27AAACJ8765E1Z3,Bharat Petroleum,INV-1544,2025-06-05,241578.79,0.00,33821.03,33821.03,309220.85
27AAACK4321F1Z4,ITC Limited,INV-1545,2025-06-06,145315.00,17437.80,0.00,0.00,162752.80
07AAACL9876G1Z1,Wipro Limited,INV-1546,2025-06-07,121684.26,0.00,3042.11,3042.11,127768.48
27AAACM2468H1Z7,Maruti Suzuki India,INV-1547,2025-06-08,101727.07,0.00,2543.18,2543.18,106813.43
27AAACN1357I1Z8,Tata Motors,INV-1548,2025-06-09,128014.86,15361.78,0.00,0.00,143376.64
07AAACO8642J1Z9,Asian Paints,INV-1549,2025-06-10,34469.06,0.00,4825.67,4825.67,44120.40
27AAACP7531K1Z1,Godrej Industries,INV-1550,2025-06-11,47355.35,0.00,2841.32,2841.32,53037.99
07AAACX9999H1Z3,HDFC Bank,INV-1551,2025-06-12,243180.40,29181.65,0.00,0.00,272362.05
07AAACY7777A1Z5,ICICI Bank,INV-1552,2025-06-13,35915.57,0.00,5028.18,5028.18,45971.93
27AAACL1234Q1Z2,Larsen & Toubro,INV-1553,2025-06-14,24200.29,0.00,3388.04,3388.04,30976.37
27AAACM5678R1Z4,Mahindra & Mahindra,INV-1554,2025-06-15,54470.22,6536.43,0.00,0.00,61006.65
27AAACA2468S1Z6,Adani Enterprises,INV-1555,2025-06-16,209356.49,0.00,18842.08,18842.08,247040.65
27AAACB1357T1Z8,Bajaj Auto,INV-1556,2025-06-17,83338.62,0.00,2083.47,2083.47,87505.56
07AAACH8642U1Z1,Hindustan Unilever,INV-1557,2025-06-18,26321.72,7370.08,0.00,0.00,33691.80
07AAACS7531V1Z3,Sun Pharma,INV-1558,2025-06-19,140253.28,0.00,12622.80,12622.80,165498.88
27AAACC6420W1Z5,Coal India,INV-1559,2025-06-20,132323.60,0.00,3308.09,3308.09,138939.78
27AAACN5319X1Z7,NTPC Limited,INV-1560,2025-06-21,197704.91,55357.37,0.00,0.00,253062.28
27AAACG1234F1Z5,Reliance Industries,INV-1561,2025-06-22,32567.12,0.00,1954.03,1954.03,36475.18
27AAACH5678B1Z2,Tata Steel Limited,INV-1562,2025-06-23,41308.94,0.00,1032.72,1032.72,43374.38
07AAACI2345D1Z6,Infosys Limited,INV-1563,2025-06-24,231607.40,11580.37,0.00,0.00,243187.77
27AAACJ8765E1Z3,Bharat Petroleum,INV-1564,2025-06-25,197507.68,0.00,17775.69,17775.69,233059.06
27AAACK4321F1Z4,ITC Limited,INV-1565,2025-06-26,220083.92,0.00,19807.55,19807.55,259699.02
07AAACL9876G1Z1,Wipro Limited,INV-1566,2025-06-27,98845.65,27676.78,0.00,0.00,126522.43
27AAACM2468H1Z7,Maruti Suzuki India,INV-1567,2025-06-28,145145.69,0.00,20320.40,20320.40,185786.49
27AAACN1357I1Z8,Tata Motors,INV-1568,2025-06-01,14179.09,0.00,1276.12,1276.12,16731.33
07AAACO8642J1Z9,Asian Paints,INV-1569,2025-06-02,103728.62,29044.01,0.00,0.00,132772.63
27AAACP7531K1Z1,Godrej Industries,INV-1570,2025-06-03,14501.72,0.00,1305.15,1305.15,17112.02
07AAACX9999H1Z3,HDFC Bank,INV-1571,2025-06-04,174175.87,0.00,4354.40,4354.40,182884.67
07AAACY7777A1Z5,ICICI Bank,INV-1572,2025-06-05,187708.71,33787.57,0.00,0.00,221496.28
27AAACL1234Q1Z2,Larsen & Toubro,INV-1573,2025-06-06,224772.68,0.00,5619.32,5619.32,236011.32
27AAACM5678R1Z4,Mahindra & Mahindra,INV-1574,2025-06-07,87777.19,0.00,7899.95,7899.95,103577.09
27AAACA2468S1Z6,Adani Enterprises,INV-1575,2025-06-08,81182.58,22731.12,0.00,0.00,103913.70
27AAACB1357T1Z8,Bajaj Auto,INV-1576,2025-06-09,215267.52,0.00,5381.69,5381.69,226030.90
07AAACH8642U1Z1,Hindustan Unilever,INV-1577,2025-06-10,243261.68,0.00,14595.70,14595.70,272453.08
07AAACS7531V1Z3,Sun Pharma,INV-1578,2025-06-11,37924.45,10618.85,0.00,0.00,48543.30
27AAACC6420W1Z5,Coal India,INV-1579,2025-06-12,194637.57,0.00,17517.38,17517.38,229672.33
27AAACN5319X1Z7,NTPC Limited,INV-1580,2025-06-13,71007.90,0.00,9941.11,9941.11,90890.12
27AAACG1234F1Z5,Reliance Industries,INV-1581,2025-06-14,153219.89,7660.99,0.00,0.00,160880.88
27AAACH5678B1Z2,Tata Steel Limited,INV-1582,2025-06-15,51044.24,0.00,3062.65,3062.65,57169.54
07AAACI2345D1Z6,Infosys Limited,INV-1583,2025-06-16,228791.04,0.00,32030.75,32030.75,292852.54
27AAACJ8765E1Z3,Bharat Petroleum,INV-1584,2025-06-17,186531.48,33575.67,0.00,0.00,220107.15
27AAACK4321F1Z4,ITC Limited,INV-1585,2025-06-18,206149.26,0.00,12368.96,12368.96,230887.18
07AAACL9876G1Z1,Wipro Limited,INV-1586,2025-06-19,21076.16,0.00,2950.66,2950.66,26977.48
27AAACM2468H1Z7,Maruti Suzuki India,INV-1587,2025-06-20,38234.21,1911.71,0.00,0.00,40145.92
27AAACN1357I1Z8,Tata Motors,INV-1588,2025-06-21,47565.65,0.00,2853.94,2853.94,53273.53
07AAACO8642J1Z9,Asian Paints,INV-1589,2025-06-22,210059.29,0.00,12603.56,12603.56,235266.41
27AAACP7531K1Z1,Godrej Industries,INV-1590,2025-06-23,13102.41,655.12,0.00,0.00,13757.53
07AAACX9999H1Z3,HDFC Bank,INV-1591,2025-06-24,229917.61,0.00,13795.06,13795.06,257507.73
07AAACY7777A1Z5,ICICI Bank,INV-1592,2025-06-25,72124.49,0.00,10097.43,10097.43,92319.35
27AAACL1234Q1Z2,Larsen & Toubro,INV-1593,2025-06-26,128755.96,6437.80,0.00,0.00,135193.76
27AAACM5678R1Z4,Mahindra & Mahindra,INV-1594,2025-06-27,171887.72,0.00,10313.26,10313.26,192514.24
27AAACA2468S1Z6,Adani Enterprises,INV-1595,2025-06-28,96254.36,0.00,13475.61,13475.61,123205.58
27AAACB1357T1Z8,Bajaj Auto,INV-1596,2025-06-01,48508.01,13582.24,0.00,0.00,62090.25
07AAACH8642U1Z1,Hindustan Unilever,INV-1597,2025-06-02,148785.66,0.00,13390.71,13390.71,175567.08
07AAACS7531V1Z3,Sun Pharma,INV-1598,2025-06-03,89341.01,0.00,8040.69,8040.69,105422.39
27AAACC6420W1Z5,Coal India,INV-1599,2025-06-04,188495.48,9424.77,0.00,0.00,197920.25
27AAACN5319X1Z7,NTPC Limited,INV-1600,2025-06-05,74842.00,0.00,10477.88,10477.88,95797.76
27AAACG1234F1Z5,Reliance Industries,INV-1601,2025-06-06,17164.51,0.00,1029.87,1029.87,19224.25
27AAACH5678B1Z2,Tata Steel Limited,INV-1602,2025-06-07,214992.24,25799.07,0.00,0.00,240791.31
07AAACI2345D1Z6,Infosys Limited,INV-1603,2025-06-08,171035.34,0.00,15393.18,15393.18,201821.70
27AAACJ8765E1Z3,Bharat Petroleum,INV-1604,2025-06-09,164638.90,0.00,4115.97,4115.97,172870.84
27AAACK4321F1Z4,ITC Limited,INV-1605,2025-06-10,216834.33,10841.72,0.00,0.00,227676.05
07AAACL9876G1Z1,Wipro Limited,INV-1606,2025-06-11,121153.82,0.00,7269.23,7269.23,135692.28
27AAACM2468H1Z7,Maruti Suzuki India,INV-1607,2025-06-12,163606.03,0.00,4090.15,4090.15,171786.33
27AAACN1357I1Z8,Tata Motors,INV-1608,2025-06-13,59823.66,10768.26,0.00,0.00,70591.92
07AAACO8642J1Z9,Asian Paints,INV-1609,2025-06-14,179621.42,0.00,16165.93,16165.93,211953.28
27AAACP7531K1Z1,Godrej Industries,INV-1610,2025-06-15,108832.67,0.00,15236.57,15236.57,139305.81
07AAACX9999H1Z3,HDFC Bank,INV-1611,2025-06-16,213638.61,59818.81,0.00,0.00,273457.42
07AAACY7777A1Z5,ICICI Bank,INV-1612,2025-06-17,66739.68,0.00,9343.56,9343.56,85426.80
27AAACL1234Q1Z2,Larsen & Toubro,INV-1613,2025-06-18,79025.55,0.00,11063.58,11063.58,101152.71
27AAACM5678R1Z4,Mahindra & Mahindra,INV-1614,2025-06-19,148199.35,7409.97,0.00,0.00,155609.32
27AAACA2468S1Z6,Adani Enterprises,INV-1615,2025-06-20,130320.86,0.00,11728.88,11728.88,153778.62
27AAACB1357T1Z8,Bajaj Auto,INV-1616,2025-06-21,142556.99,0.00,12830.13,12830.13,168217.25
07AAACH8642U1Z1,Hindustan Unilever,INV-1617,2025-06-22,78126.60,3906.33,0.00,0.00,82032.93
07AAACS7531V1Z3,Sun Pharma,INV-1618,2025-06-23,123025.91,0.00,11072.33,11072.33,145170.57
27AAACC6420W1Z5,Coal India,INV-1619,2025-06-24,247148.44,0.00,22243.36,22243.36,291635.16
27AAACN5319X1Z7,NTPC Limited,INV-1620,2025-06-25,216065.44,38891.78,0.00,0.00,254957.22
27AAACG1234F1Z5,Reliance Industries,INV-1621,2025-06-26,165749.30,0.00,14917.44,14917.44,195584.18
27AAACH5678B1Z2,Tata Steel Limited,INV-1622,2025-06-27,51148.22,0.00,3068.89,3068.89,57286.00
07AAACI2345D1Z6,Infosys Limited,INV-1623,2025-06-28,225423.33,63118.53,0.00,0.00,288541.86
27AAACJ8765E1Z3,Bharat Petroleum,INV-1624,2025-06-01,166829.93,0.00,10009.80,10009.80,186849.53
27AAACK4321F1Z4,ITC Limited,INV-1625,2025-06-02,181714.38,0.00,25440.01,25440.01,232594.40
07AAACL9876G1Z1,Wipro Limited,INV-1626,2025-06-03,249379.93,44888.39,0.00,0.00,294268.32
27AAACM2468H1Z7,Maruti Suzuki India,INV-1627,2025-06-04,227193.33,0.00,31807.07,31807.07,290807.47
27AAACN1357I1Z8,Tata Motors,INV-1628,2025-06-05,100127.36,0.00,2503.18,2503.18,105133.72
07AAACO8642J1Z9,Asian Paints,INV-1629,2025-06-06,147840.81,17740.90,0.00,0.00,165581.71
27AAACP7531K1Z1,Godrej Industries,INV-1630,2025-06-07,89075.93,0.00,5344.56,5344.56,99765.05
07AAACX9999H1Z3,HDFC Bank,INV-1631,2025-06-08,173147.94,0.00,24240.71,24240.71,221629.36
07AAACY7777A1Z5,ICICI Bank,INV-1632,2025-06-09,227098.99,40877.82,0.00,0.00,267976.81
27AAACL1234Q1Z2,Larsen & Toubro,INV-1633,2025-06-10,129292.14,0.00,7757.53,7757.53,144807.20
27AAACM5678R1Z4,Mahindra & Mahindra,INV-1634,2025-06-11,210956.48,0.00,12657.39,12657.39,236271.26
27AAACA2468S1Z6,Adani Enterprises,INV-1635,2025-06-12,76977.09,21553.59,0.00,0.00,98530.68
27AAACB1357T1Z8,Bajaj Auto,INV-1636,2025-06-13,36346.31,0.00,3271.17,3271.17,42888.65
07AAACH8642U1Z1,Hindustan Unilever,INV-1637,2025-06-14,182670.73,0.00,10960.24,10960.24,204591.21
07AAACS7531V1Z3,Sun Pharma,INV-1638,2025-06-15,236996.23,42659.32,0.00,0.00,279655.55
27AAACC6420W1Z5,Coal India,INV-1639,2025-06-16,165336.49,0.00,9920.19,9920.19,185176.87
27AAACN5319X1Z7,NTPC Limited,INV-1640,2025-06-17,92044.43,0.00,8284.00,8284.00,108612.43
27AAACG1234F1Z5,Reliance Industries,INV-1641,2025-06-18,108015.78,19442.84,0.00,0.00,127458.62
27AAACH5678B1Z2,Tata Steel Limited,INV-1642,2025-06-19,96062.20,0.00,8645.60,8645.60,113353.40
07AAACI2345D1Z6,Infosys Limited,INV-1643,2025-06-20,118621.35,0.00,2965.53,2965.53,124552.41
27AAACJ8765E1Z3,Bharat Petroleum,INV-1644,2025-06-21,120281.46,6014.07,0.00,0.00,126295.53
27AAACK4321F1Z4,ITC Limited,INV-1645,2025-06-22,120693.82,0.00,7241.63,7241.63,135177.08
07AAACL9876G1Z1,Wipro Limited,INV-1646,2025-06-23,127616.96,0.00,17866.37,17866.37,163349.70
27AAACM2468H1Z7,Maruti Suzuki India,INV-1647,2025-06-24,134810.43,37746.92,0.00,0.00,172557.35
27AAACN1357I1Z8,Tata Motors,INV-1648,2025-06-25,18245.18,0.00,1094.71,1094.71,20434.60
07AAACO8642J1Z9,Asian Paints,INV-1649,2025-06-26,38654.49,0.00,2319.27,2319.27,43293.03
27AAACP7531K1Z1,Godrej Industries,INV-1650,2025-06-27,88954.12,24907.15,0.00,0.00,113861.27
07AAACX9999H1Z3,HDFC Bank,INV-1651,2025-06-28,40089.92,0.00,2405.40,2405.40,44900.72
07AAACY7777A1Z5,ICICI Bank,INV-1652,2025-06-01,195840.59,0.00,27417.68,27417.68,250675.95
27AAACL1234Q1Z2,Larsen & Toubro,INV-1653,2025-06-02,86494.21,10379.31,0.00,0.00,96873.52
27AAACM5678R1Z4,Mahindra & Mahindra,INV-1654,2025-06-03,81786.45,0.00,2044.66,2044.66,85875.77
27AAACA2468S1Z6,Adani Enterprises,INV-1655,2025-06-04,6154.81,0.00,553.93,553.93,7262.67
27AAACB1357T1Z8,Bajaj Auto,INV-1656,2025-06-05,56298.68,6755.84,0.00,0.00,63054.52
07AAACH8642U1Z1,Hindustan Unilever,INV-1657,2025-06-06,146188.33,0.00,8771.30,8771.30,163730.93
07AAACS7531V1Z3,Sun Pharma,INV-1658,2025-06-07,124946.39,0.00,3123.66,3123.66,131193.71
27AAACC6420W1Z5,Coal India,INV-1659,2025-06-08,36704.46,10277.25,0.00,0.00,46981.71
27AAACN5319X1Z7,NTPC Limited,INV-1660,2025-06-09,160204.45,0.00,22428.62,22428.62,205061.69
27AAACG1234F1Z5,Reliance Industries,INV-1661,2025-06-10,110111.23,0.00,15415.57,15415.57,140942.37
27AAACH5678B1Z2,Tata Steel Limited,INV-1662,2025-06-11,98912.52,4945.63,0.00,0.00,103858.15
07AAACI2345D1Z6,Infosys Limited,INV-1663,2025-06-12,135776.74,0.00,12219.91,12219.91,160216.56
27AAACJ8765E1Z3,Bharat Petroleum,INV-1664,2025-06-13,237766.81,0.00,21399.01,21399.01,280564.83
27AAACK4321F1Z4,ITC Limited,INV-1665,2025-06-14,190427.70,22851.32,0.00,0.00,213279.02
07AAACL9876G1Z1,Wipro Limited,INV-1666,2025-06-15,9389.45,0.00,234.74,234.74,9858.93
27AAACM2468H1Z7,Maruti Suzuki India,INV-1667,2025-06-16,158538.30,0.00,9512.30,9512.30,177562.90
27AAACN1357I1Z8,Tata Motors,INV-1668,2025-06-17,60435.10,10878.32,0.00,0.00,71313.42
07AAACO8642J1Z9,Asian Paints,INV-1669,2025-06-18,81462.60,0.00,2036.57,2036.57,85535.74
27AAACP7531K1Z1,Godrej Industries,INV-1670,2025-06-19,98969.87,0.00,8907.29,8907.29,116784.45
07AAACX9999H1Z3,HDFC Bank,INV-1671,2025-06-20,45919.95,2296.00,0.00,0.00,48215.95
07AAACY7777A1Z5,ICICI Bank,INV-1672,2025-06-21,78059.55,0.00,7025.36,7025.36,92110.27
27AAACL1234Q1Z2,Larsen & Toubro,INV-1673,2025-06-22,116701.95,0.00,10503.18,10503.18,137708.31
27AAACM5678R1Z4,Mahindra & Mahindra,INV-1674,2025-06-23,111247.98,13349.76,0.00,0.00,124597.74
27AAACA2468S1Z6,Adani Enterprises,INV-1675,2025-06-24,88969.55,0.00,12455.74,12455.74,113881.03
27AAACB1357T1Z8,Bajaj Auto,INV-1676,2025-06-25,93016.47,0.00,5580.99,5580.99,104178.45
07AAACH8642U1Z1,Hindustan Unilever,INV-1677,2025-06-26,45396.46,12711.01,0.00,0.00,58107.47
07AAACS7531V1Z3,Sun Pharma,INV-1678,2025-06-27,9685.56,0.00,581.13,581.13,10847.82
27AAACC6420W1Z5,Coal India,INV-1679,2025-06-28,183156.36,0.00,10989.38,10989.38,205135.12
27AAACN5319X1Z7,NTPC Limited,INV-1680,2025-06-01,56741.61,2837.08,0.00,0.00,59578.69
27AAACG1234F1Z5,Reliance Industries,INV-1681,2025-06-02,149474.74,0.00,8968.48,8968.48,167411.70
27AAACH5678B1Z2,Tata Steel Limited,INV-1682,2025-06-03,35174.69,0.00,879.37,879.37,36933.43
07AAACI2345D1Z6,Infosys Limited,INV-1683,2025-06-04,96922.15,17445.99,0.00,0.00,114368.14
27AAACJ8765E1Z3,Bharat Petroleum,INV-1684,2025-06-05,193956.17,0.00,4848.90,4848.90,203653.97
27AAACK4321F1Z4,ITC Limited,INV-1685,2025-06-06,150511.40,0.00,3762.78,3762.78,158036.96
07AAACL9876G1Z1,Wipro Limited,INV-1686,2025-06-07,167182.63,8359.13,0.00,0.00,175541.76
27AAACM2468H1Z7,Maruti Suzuki India,INV-1687,2025-06-08,16817.59,0.00,420.44,420.44,17658.47
27AAACN1357I1Z8,Tata Motors,INV-1688,2025-06-09,107110.01,0.00,14995.40,14995.40,137100.81
07AAACO8642J1Z9,Asian Paints,INV-1689,2025-06-10,35280.79,6350.54,0.00,0.00,41631.33
27AAACP7531K1Z1,Godrej Industries,INV-1690,2025-06-11,121227.10,0.00,7273.63,7273.63,135774.36
07AAACX9999H1Z3,HDFC Bank,INV-1691,2025-06-12,55346.25,0.00,1383.66,1383.66,58113.57
07AAACY7777A1Z5,ICICI Bank,INV-1692,2025-06-13,78773.53,3938.68,0.00,0.00,82712.21
27AAACL1234Q1Z2,Larsen & Toubro,INV-1693,2025-06-14,167308.33,0.00,15057.75,15057.75,197423.83
27AAACM5678R1Z4,Mahindra & Mahindra,INV-1694,2025-06-15,157585.46,0.00,9455.13,9455.13,176495.72
27AAACA2468S1Z6,Adani Enterprises,INV-1695,2025-06-16,107612.31,5380.62,0.00,0.00,112992.93
27AAACB1357T1Z8,Bajaj Auto,INV-1696,2025-06-17,130338.27,0.00,3258.46,3258.46,136855.19
07AAACH8642U1Z1,Hindustan Unilever,INV-1697,2025-06-18,74263.16,0.00,1856.58,1856.58,77976.32
07AAACS7531V1Z3,Sun Pharma,INV-1698,2025-06-19,126946.07,15233.53,0.00,0.00,142179.60
27AAACC6420W1Z5,Coal India,INV-1699,2025-06-20,195599.93,0.00,11736.00,11736.00,219071.93
27AAACN5319X1Z7,NTPC Limited,INV-1700,2025-06-21,92690.85,0.00,12976.72,12976.72,118644.29
27AAACG1234F1Z5,Reliance Industries,INV-1701,2025-06-22,77361.04,3868.05,0.00,0.00,81229.09
27AAACH5678B1Z2,Tata Steel Limited,INV-1702,2025-06-23,139294.00,0.00,8357.64,8357.64,156009.28
07AAACI2345D1Z6,Infosys Limited,INV-1703,2025-06-24,173609.96,0.00,24305.39,24305.39,222220.74
27AAACJ8765E1Z3,Bharat Petroleum,INV-1704,2025-06-25,85997.89,4299.89,0.00,0.00,90297.78
27AAACK4321F1Z4,ITC Limited,INV-1705,2025-06-26,8123.60,0.00,203.09,203.09,8529.78
07AAACL9876G1Z1,Wipro Limited,INV-1706,2025-06-27,227185.61,0.00,31805.99,31805.99,290797.59
27AAACM2468H1Z7,Maruti Suzuki India,INV-1707,2025-06-28,41540.40,2077.02,0.00,0.00,43617.42
27AAACN1357I1Z8,Tata Motors,INV-1708,2025-06-01,195983.92,0.00,4899.60,4899.60,205783.12
07AAACO8642J1Z9,Asian Paints,INV-1709,2025-06-02,182273.09,0.00,4556.83,4556.83,191386.75
27AAACP7531K1Z1,Godrej Industries,INV-1710,2025-06-03,226670.95,27200.51,0.00,0.00,253871.46
07AAACX9999H1Z3,HDFC Bank,INV-1711,2025-06-04,116904.05,0.00,10521.36,10521.36,137946.77
07AAACY7777A1Z5,ICICI Bank,INV-1712,2025-06-05,69710.63,0.00,1742.77,1742.77,73196.17
27AAACL1234Q1Z2,Larsen & Toubro,INV-1713,2025-06-06,29453.18,3534.38,0.00,0.00,32987.56
27AAACM5678R1Z4,Mahindra & Mahindra,INV-1714,2025-06-07,219164.41,0.00,19724.80,19724.80,258614.01
27AAACA2468S1Z6,Adani Enterprises,INV-1715,2025-06-08,93252.59,0.00,8392.73,8392.73,110038.05
27AAACB1357T1Z8,Bajaj Auto,INV-1716,2025-06-09,109368.83,5468.44,0.00,0.00,114837.27
07AAACH8642U1Z1,Hindustan Unilever,INV-1717,2025-06-10,28274.63,0.00,706.87,706.87,29688.37
07AAACS7531V1Z3,Sun Pharma,INV-1718,2025-06-11,7369.72,0.00,442.18,442.18,8254.08
27AAACC6420W1Z5,Coal India,INV-1719,2025-06-12,167521.98,20102.64,0.00,0.00,187624.62
27AAACN5319X1Z7,NTPC Limited,INV-1720,2025-06-13,85521.90,0.00,11973.07,11973.07,109468.04
27AAACG1234F1Z5,Reliance Industries,INV-1721,2025-06-14,238996.84,0.00,21509.72,21509.72,282016.28
27AAACH5678B1Z2,Tata Steel Limited,INV-1722,2025-06-15,220226.51,11011.33,0.00,0.00,231237.84
07AAACI2345D1Z6,Infosys Limited,INV-1723,2025-06-16,96292.43,0.00,8666.32,8666.32,113625.07
27AAACJ8765E1Z3,Bharat Petroleum,INV-1724,2025-06-17,49803.01,0.00,6972.42,6972.42,63747.85
27AAACK4321F1Z4,ITC Limited,INV-1725,2025-06-18,103061.31,28857.17,0.00,0.00,131918.48
07AAACL9876G1Z1,Wipro Limited,INV-1726,2025-06-19,71599.11,0.00,10023.88,10023.88,91646.87
27AAACM2468H1Z7,Maruti Suzuki India,INV-1727,2025-06-20,174026.10,0.00,24363.65,24363.65,222753.40
27AAACN1357I1Z8,Tata Motors,INV-1728,2025-06-21,200975.28,24117.03,0.00,0.00,225092.31
07AAACO8642J1Z9,Asian Paints,INV-1729,2025-06-22,32698.86,0.00,817.47,817.47,34333.80
27AAACP7531K1Z1,Godrej Industries,INV-1730,2025-06-23,245484.45,0.00,14729.07,14729.07,274942.59
07AAACX9999H1Z3,HDFC Bank,INV-1731,2025-06-24,30409.71,8514.72,0.00,0.00,38924.43
07AAACY7777A1Z5,ICICI Bank,INV-1732,2025-06-25,201554.87,0.00,28217.68,28217.68,257990.23
27AAACL1234Q1Z2,Larsen & Toubro,INV-1733,2025-06-26,49408.84,0.00,6917.24,6917.24,63243.32
27AAACM5678R1Z4,Mahindra & Mahindra,INV-1734,2025-06-27,195895.25,9794.76,0.00,0.00,205690.01
27AAACA2468S1Z6,Adani Enterprises,INV-1735,2025-06-28,216331.06,0.00,12979.86,12979.86,242290.78
27AAACB1357T1Z8,Bajaj Auto,INV-1736,2025-06-01,123354.52,0.00,17269.63,17269.63,157893.78
07AAACH8642U1Z1,Hindustan Unilever,INV-1737,2025-06-02,32669.68,9147.51,0.00,0.00,41817.19
07AAACS7531V1Z3,Sun Pharma,INV-1738,2025-06-03,112968.53,0.00,2824.21,2824.21,118616.95
27AAACC6420W1Z5,Coal India,INV-1739,2025-06-04,69095.15,0.00,6218.56,6218.56,81532.27
27AAACN5319X1Z7,NTPC Limited,INV-1740,2025-06-05,8028.25,963.39,0.00,0.00,8991.64
27AAACG1234F1Z5,Reliance Industries,INV-1741,2025-06-06,244584.41,0.00,22012.60,22012.60,288609.61
27AAACH5678B1Z2,Tata Steel Limited,INV-1742,2025-06-07,132179.42,0.00,3304.49,3304.49,138788.40
07AAACI2345D1Z6,Infosys Limited,INV-1743,2025-06-08,111047.74,13325.73,0.00,0.00,124373.47
27AAACJ8765E1Z3,Bharat Petroleum,INV-1744,2025-06-09,123072.77,0.00,17230.19,17230.19,157533.15
27AAACK4321F1Z4,ITC Limited,INV-1745,2025-06-10,41420.34,0.00,1035.51,1035.51,43491.36
07AAACL9876G1Z1,Wipro Limited,INV-1746,2025-06-11,7852.99,942.36,0.00,0.00,8795.35
27AAACM2468H1Z7,Maruti Suzuki India,INV-1747,2025-06-12,128864.06,0.00,18040.97,18040.97,164946.00
27AAACN1357I1Z8,Tata Motors,INV-1748,2025-06-13,213708.43,0.00,12822.51,12822.51,239353.45
07AAACO8642J1Z9,Asian Paints,INV-1749,2025-06-14,23341.98,6535.75,0.00,0.00,29877.73
27AAACP7531K1Z1,Godrej Industries,INV-1750,2025-06-15,83555.28,0.00,7519.98,7519.98,98595.24
07AAACX9999H1Z3,HDFC Bank,INV-1751,2025-06-16,242685.54,0.00,6067.14,6067.14,254819.82
07AAACY7777A1Z5,ICICI Bank,INV-1752,2025-06-17,129197.69,36175.35,0.00,0.00,165373.04
27AAACL1234Q1Z2,Larsen & Toubro,INV-1753,2025-06-18,103802.86,0.00,6228.17,6228.17,116259.20
27AAACM5678R1Z4,Mahindra & Mahindra,INV-1754,2025-06-19,24313.50,0.00,3403.89,3403.89,31121.28
27AAACA2468S1Z6,Adani Enterprises,INV-1755,2025-06-20,201309.02,56366.53,0.00,0.00,257675.55
27AAACB1357T1Z8,Bajaj Auto,INV-1756,2025-06-21,26564.87,0.00,3719.08,3719.08,34003.03
07AAACH8642U1Z1,Hindustan Unilever,INV-1757,2025-06-22,114531.69,0.00,2863.29,2863.29,120258.27
07AAACS7531V1Z3,Sun Pharma,INV-1758,2025-06-23,245264.33,12263.22,0.00,0.00,257527.55
27AAACC6420W1Z5,Coal India,INV-1759,2025-06-24,30147.61,0.00,4220.67,4220.67,38588.95
27AAACN5319X1Z7,NTPC Limited,INV-1760,2025-06-25,13778.82,0.00,344.47,344.47,14467.76
27AAACG1234F1Z5,Reliance Industries,INV-1761,2025-06-26,207347.65,37322.58,0.00,0.00,244670.23
27AAACH5678B1Z2,Tata Steel Limited,INV-1762,2025-06-27,223077.17,0.00,13384.63,13384.63,249846.43
07AAACI2345D1Z6,Infosys Limited,INV-1763,2025-06-28,165376.02,0.00,23152.64,23152.64,211681.30
27AAACJ8765E1Z3,Bharat Petroleum,INV-1764,2025-06-01,237837.01,42810.66,0.00,0.00,280647.67
27AAACK4321F1Z4,ITC Limited,INV-1765,2025-06-02,207201.19,0.00,12432.07,12432.07,232065.33
07AAACL9876G1Z1,Wipro Limited,INV-1766,2025-06-03,211857.77,0.00,19067.20,19067.20,249992.17
27AAACM2468H1Z7,Maruti Suzuki India,INV-1767,2025-06-04,142236.96,39826.35,0.00,0.00,182063.31
27AAACN1357I1Z8,Tata Motors,INV-1768,2025-06-05,180581.23,0.00,16252.31,16252.31,213085.85
07AAACO8642J1Z9,Asian Paints,INV-1769,2025-06-06,180398.81,0.00,4509.97,4509.97,189418.75
27AAACP7531K1Z1,Godrej Industries,INV-1770,2025-06-07,28872.07,3464.65,0.00,0.00,32336.72
07AAACX9999H1Z3,HDFC Bank,INV-1771,2025-06-08,5538.25,0.00,498.44,498.44,6535.13
07AAACY7777A1Z5,ICICI Bank,INV-1772,2025-06-09,208321.55,0.00,18748.94,18748.94,245819.43
27AAACL1234Q1Z2,Larsen & Toubro,INV-1773,2025-06-10,139184.19,25053.15,0.00,0.00,164237.34
27AAACM5678R1Z4,Mahindra & Mahindra,INV-1774,2025-06-11,177013.53,0.00,4425.34,4425.34,185864.21
27AAACA2468S1Z6,Adani Enterprises,INV-1775,2025-06-12,224734.89,0.00,31462.88,31462.88,287660.65
27AAACB1357T1Z8,Bajaj Auto,INV-1776,2025-06-13,39410.05,11034.81,0.00,0.00,50444.86
07AAACH8642U1Z1,Hindustan Unilever,INV-1777,2025-06-14,31205.57,0.00,1872.33,1872.33,34950.23
07AAACS7531V1Z3,Sun Pharma,INV-1778,2025-06-15,50948.13,0.00,7132.74,7132.74,65213.61
27AAACC6420W1Z5,Coal India,INV-1779,2025-06-16,57819.43,6938.33,0.00,0.00,64757.76
27AAACN5319X1Z7,NTPC Limited,INV-1780,2025-06-17,180613.04,0.00,4515.33,4515.33,189643.70
27AAACG1234F1Z5,Reliance Industries,INV-1781,2025-06-18,190501.59,0.00,4762.54,4762.54,200026.67
27AAACH5678B1Z2,Tata Steel Limited,INV-1782,2025-06-19,232023.50,11601.18,0.00,0.00,243624.68
07AAACI2345D1Z6,Infosys Limited,INV-1783,2025-06-20,194175.57,0.00,27184.58,27184.58,248544.73
27AAACJ8765E1Z3,Bharat Petroleum,INV-1784,2025-06-21,117060.03,0.00,7023.60,7023.60,131107.23
27AAACK4321F1Z4,ITC Limited,INV-1785,2025-06-22,241144.42,12057.22,0.00,0.00,253201.64
07AAACL9876G1Z1,Wipro Limited,INV-1786,2025-06-23,134939.27,0.00,3373.48,3373.48,141686.23
27AAACM2468H1Z7,Maruti Suzuki India,INV-1787,2025-06-24,140540.45,0.00,19675.66,19675.66,179891.77
27AAACN1357I1Z8,Tata Motors,INV-1788,2025-06-25,210509.95,58942.79,0.00,0.00,269452.74
07AAACO8642J1Z9,Asian Paints,INV-1789,2025-06-26,231470.86,0.00,13888.25,13888.25,259247.36
27AAACP7531K1Z1,Godrej Industries,INV-1790,2025-06-27,174495.34,0.00,10469.72,10469.72,195434.78
07AAACX9999H1Z3,HDFC Bank,INV-1791,2025-06-28,183971.19,22076.54,0.00,0.00,206047.73
07AAACY7777A1Z5,ICICI Bank,INV-1792,2025-06-01,30370.72,0.00,2733.36,2733.36,35837.44
27AAACL1234Q1Z2,Larsen & Toubro,INV-1793,2025-06-02,128506.98,0.00,17990.98,17990.98,164488.94
27AAACM5678R1Z4,Mahindra & Mahindra,INV-1794,2025-06-03,107572.86,12908.74,0.00,0.00,120481.60
27AAACA2468S1Z6,Adani Enterprises,INV-1795,2025-06-04,72030.99,0.00,6482.79,6482.79,84996.57
27AAACB1357T1Z8,Bajaj Auto,INV-1796,2025-06-05,242770.45,0.00,33987.86,33987.86,310746.17
07AAACH8642U1Z1,Hindustan Unilever,INV-1797,2025-06-06,202175.22,24261.03,0.00,0.00,226436.25
07AAACS7531V1Z3,Sun Pharma,INV-1798,2025-06-07,106122.64,0.00,9551.04,9551.04,125224.72
27AAACC6420W1Z5,Coal India,INV-1799,2025-06-08,211553.24,0.00,19039.79,19039.79,249632.82
27AAACN5319X1Z7,NTPC Limited,INV-1800,2025-06-09,179409.22,21529.11,0.00,0.00,200938.33
27AAACG1234F1Z5,Reliance Industries,INV-1801,2025-06-10,54217.83,0.00,4879.60,4879.60,63977.03
27AAACH5678B1Z2,Tata Steel Limited,INV-1802,2025-06-11,173219.77,0.00,10393.19,10393.19,194006.15
07AAACI2345D1Z6,Infosys Limited,INV-1803,2025-06-12,245427.20,29451.26,0.00,0.00,274878.46
27AAACJ8765E1Z3,Bharat Petroleum,INV-1804,2025-06-13,128453.89,0.00,11560.85,11560.85,151575.59
27AAACK4321F1Z4,ITC Limited,INV-1805,2025-06-14,179036.42,0.00,16113.28,16113.28,211262.98
07AAACL9876G1Z1,Wipro Limited,INV-1806,2025-06-15,142758.65,39972.42,0.00,0.00,182731.07
27AAACM2468H1Z7,Maruti Suzuki India,INV-1807,2025-06-16,170189.65,0.00,15317.07,15317.07,200823.79
27AAACN1357I1Z8,Tata Motors,INV-1808,2025-06-17,219981.92,0.00,30797.47,30797.47,281576.86
07AAACO8642J1Z9,Asian Paints,INV-1809,2025-06-18,203034.67,10151.73,0.00,0.00,213186.40
27AAACP7531K1Z1,Godrej Industries,INV-1810,2025-06-19,11191.67,0.00,671.50,671.50,12534.67
07AAACX9999H1Z3,HDFC Bank,INV-1811,2025-06-20,18000.92,0.00,450.02,450.02,18900.96
07AAACY7777A1Z5,ICICI Bank,INV-1812,2025-06-21,53976.09,6477.13,0.00,0.00,60453.22
27AAACL1234Q1Z2,Larsen & Toubro,INV-1813,2025-06-22,245965.44,0.00,22136.89,22136.89,290239.22
27AAACM5678R1Z4,Mahindra & Mahindra,INV-1814,2025-06-23,40874.96,0.00,1021.87,1021.87,42918.70
27AAACA2468S1Z6,Adani Enterprises,INV-1815,2025-06-24,174195.74,31355.23,0.00,0.00,205550.97
27AAACB1357T1Z8,Bajaj Auto,INV-1816,2025-06-25,54980.22,0.00,1374.51,1374.51,57729.24
07AAACH8642U1Z1,Hindustan Unilever,INV-1817,2025-06-26,92877.20,0.00,13002.81,13002.81,118882.82
07AAACS7531V1Z3,Sun Pharma,INV-1818,2025-06-27,30107.60,3612.91,0.00,0.00,33720.51
27AAACC6420W1Z5,Coal India,INV-1819,2025-06-28,186891.12,0.00,26164.76,26164.76,239220.64
27AAACN5319X1Z7,NTPC Limited,INV-1820,2025-06-01,63210.89,0.00,5688.98,5688.98,74588.85
27AAACG1234F1Z5,Reliance Industries,INV-1821,2025-06-02,174769.34,8738.47,0.00,0.00,183507.81
27AAACH5678B1Z2,Tata Steel Limited,INV-1822,2025-06-03,231988.78,0.00,32478.43,32478.43,296945.64
07AAACI2345D1Z6,Infosys Limited,INV-1823,2025-06-04,107058.73,0.00,9635.29,9635.29,126329.31
27AAACJ8765E1Z3,Bharat Petroleum,INV-1824,2025-06-05,241629.14,12081.46,0.00,0.00,253710.60
27AAACK4321F1Z4,ITC Limited,INV-1825,2025-06-06,8176.48,0.00,735.88,735.88,9648.24
07AAACL9876G1Z1,Wipro Limited,INV-1826,2025-06-07,54756.37,0.00,7665.89,7665.89,70088.15
27AAACM2468H1Z7,Maruti Suzuki India,INV-1827,2025-06-08,208345.95,37502.27,0.00,0.00,245848.22
27AAACN1357I1Z8,Tata Motors,INV-1828,2025-06-09,190001.39,0.00,11400.08,11400.08,212801.55
07AAACO8642J1Z9,Asian Paints,INV-1829,2025-06-10,195155.95,0.00,11709.36,11709.36,218574.67
27AAACP7531K1Z1,Godrej Industries,INV-1830,2025-06-11,77073.54,9248.82,0.00,0.00,86322.36
07AAACX9999H1Z3,HDFC Bank,INV-1831,2025-06-12,245946.06,0.00,6148.65,6148.65,258243.36
07AAACY7777A1Z5,ICICI Bank,INV-1832,2025-06-13,50809.26,0.00,3048.56,3048.56,56906.38
27AAACL1234Q1Z2,Larsen & Toubro,INV-1833,2025-06-14,185094.47,9254.72,0.00,0.00,194349.19
27AAACM5678R1Z4,Mahindra & Mahindra,INV-1834,2025-06-15,97413.57,0.00,13637.90,13637.90,124689.37
27AAACA2468S1Z6,Adani Enterprises,INV-1835,2025-06-16,73382.50,0.00,6604.43,6604.43,86591.36
27AAACB1357T1Z8,Bajaj Auto,INV-1836,2025-06-17,36866.30,6635.93,0.00,0.00,43502.23
07AAACH8642U1Z1,Hindustan Unilever,INV-1837,2025-06-18,6383.06,0.00,893.63,893.63,8170.32
07AAACS7531V1Z3,Sun Pharma,INV-1838,2025-06-19,178873.88,0.00,10732.43,10732.43,200338.74
27AAACC6420W1Z5,Coal India,INV-1839,2025-06-20,14785.44,2661.38,0.00,0.00,17446.82
27AAACN5319X1Z7,NTPC Limited,INV-1840,2025-06-21,151235.68,0.00,13611.21,13611.21,178458.10
27AAACG1234F1Z5,Reliance Industries,INV-1841,2025-06-22,125184.98,0.00,11266.65,11266.65,147718.28
27AAACH5678B1Z2,Tata Steel Limited,INV-1842,2025-06-23,22855.79,4114.04,0.00,0.00,26969.83
07AAACI2345D1Z6,Infosys Limited,INV-1843,2025-06-24,133721.79,0.00,8023.31,8023.31,149768.41
27AAACJ8765E1Z3,Bharat Petroleum,INV-1844,2025-06-25,132548.54,0.00,7952.91,7952.91,148454.36
27AAACK4321F1Z4,ITC Limited,INV-1845,2025-06-26,106903.15,29932.88,0.00,0.00,136836.03
07AAACL9876G1Z1,Wipro Limited,INV-1846,2025-06-27,27526.66,0.00,1651.60,1651.60,30829.86
27AAACM2468H1Z7,Maruti Suzuki India,INV-1847,2025-06-28,221432.20,0.00,19928.90,19928.90,261290.00
27AAACN1357I1Z8,Tata Motors,INV-1848,2025-06-01,86111.30,15500.03,0.00,0.00,101611.33
07AAACO8642J1Z9,Asian Paints,INV-1849,2025-06-02,58519.10,0.00,8192.67,8192.67,74904.44
27AAACP7531K1Z1,Godrej Industries,INV-1850,2025-06-03,249174.62,0.00,6229.37,6229.37,261633.36
07AAACX9999H1Z3,HDFC Bank,INV-1851,2025-06-04,33106.88,5959.24,0.00,0.00,39066.12
07AAACY7777A1Z5,ICICI Bank,INV-1852,2025-06-05,114188.48,0.00,6851.31,6851.31,127891.10
27AAACL1234Q1Z2,Larsen & Toubro,INV-1853,2025-06-06,239929.72,0.00,21593.67,21593.67,283117.06
27AAACM5678R1Z4,Mahindra & Mahindra,INV-1854,2025-06-07,98436.29,4921.81,0.00,0.00,103358.10
27AAACA2468S1Z6,Adani Enterprises,INV-1855,2025-06-08,99539.60,0.00,8958.56,8958.56,117456.72
27AAACB1357T1Z8,Bajaj Auto,INV-1856,2025-06-09,11052.90,0.00,994.76,994.76,13042.42
07AAACH8642U1Z1,Hindustan Unilever,INV-1857,2025-06-10,131005.72,36681.60,0.00,0.00,167687.32
07AAACS7531V1Z3,Sun Pharma,INV-1858,2025-06-11,124267.15,0.00,11184.04,11184.04,146635.23
27AAACC6420W1Z5,Coal India,INV-1859,2025-06-12,225078.99,0.00,13504.74,13504.74,252088.47
27AAACN5319X1Z7,NTPC Limited,INV-1860,2025-06-13,83476.63,4173.83,0.00,0.00,87650.46
27AAACG1234F1Z5,Reliance Industries,INV-1861,2025-06-14,237311.90,0.00,14238.71,14238.71,265789.32
27AAACH5678B1Z2,Tata Steel Limited,INV-1862,2025-06-15,243049.05,0.00,6076.23,6076.23,255201.51
07AAACI2345D1Z6,Infosys Limited,INV-1863,2025-06-16,158598.60,19031.83,0.00,0.00,177630.43
27AAACJ8765E1Z3,Bharat Petroleum,INV-1864,2025-06-17,169232.11,0.00,10153.93,10153.93,189539.97
27AAACK4321F1Z4,ITC Limited,INV-1865,2025-06-18,216912.96,0.00,30367.81,30367.81,277648.58
07AAACL9876G1Z1,Wipro Limited,INV-1866,2025-06-19,209737.94,25168.55,0.00,0.00,234906.49
27AAACM2468H1Z7,Maruti Suzuki India,INV-1867,2025-06-20,136749.78,0.00,19144.97,19144.97,175039.72
27AAACN1357I1Z8,Tata Motors,INV-1868,2025-06-21,163407.48,0.00,4085.19,4085.19,171577.86
07AAACO8642J1Z9,Asian Paints,INV-1869,2025-06-22,187988.25,22558.59,0.00,0.00,210546.84
27AAACP7531K1Z1,Godrej Industries,INV-1870,2025-06-23,10819.47,0.00,973.75,973.75,12766.97
07AAACX9999H1Z3,HDFC Bank,INV-1871,2025-06-24,14282.15,0.00,357.05,357.05,14996.25
07AAACY7777A1Z5,ICICI Bank,INV-1872,2025-06-25,18295.68,3293.22,0.00,0.00,21588.90
27AAACL1234Q1Z2,Larsen & Toubro,INV-1873,2025-06-26,141730.63,0.00,8503.84,8503.84,158738.31
27AAACM5678R1Z4,Mahindra & Mahindra,INV-1874,2025-06-27,228191.71,0.00,31946.84,31946.84,292085.39
27AAACA2468S1Z6,Adani Enterprises,INV-1875,2025-06-28,100067.99,28019.04,0.00,0.00,128087.03
27AAACB1357T1Z8,Bajaj Auto,INV-1876,2025-06-01,111091.13,0.00,2777.28,2777.28,116645.69
07AAACH8642U1Z1,Hindustan Unilever,INV-1877,2025-06-02,100427.96,0.00,2510.70,2510.70,105449.36
07AAACS7531V1Z3,Sun Pharma,INV-1878,2025-06-03,136034.42,6801.72,0.00,0.00,142836.14
27AAACC6420W1Z5,Coal India,INV-1879,2025-06-04,190210.35,0.00,4755.26,4755.26,199720.87
27AAACN5319X1Z7,NTPC Limited,INV-1880,2025-06-05,176716.10,0.00,4417.90,4417.90,185551.90
27AAACG1234F1Z5,Reliance Industries,INV-1881,2025-06-06,92636.53,4631.83,0.00,0.00,97268.36
27AAACH5678B1Z2,Tata Steel Limited,INV-1882,2025-06-07,76009.97,0.00,6840.90,6840.90,89691.77
07AAACI2345D1Z6,Infosys Limited,INV-1883,2025-06-08,153608.63,0.00,13824.78,13824.78,181258.19
27AAACJ8765E1Z3,Bharat Petroleum,INV-1884,2025-06-09,192492.19,53897.81,0.00,0.00,246390.00
27AAACK4321F1Z4,ITC Limited,INV-1885,2025-06-10,98446.33,0.00,2461.16,2461.16,103368.65
07AAACL9876G1Z1,Wipro Limited,INV-1886,2025-06-11,121126.98,0.00,7267.62,7267.62,135662.22
27AAACM2468H1Z7,Maruti Suzuki India,INV-1887,2025-06-12,38413.46,10755.77,0.00,0.00,49169.23
27AAACN1357I1Z8,Tata Motors,INV-1888,2025-06-13,200208.76,0.00,18018.79,18018.79,236246.34
07AAACO8642J1Z9,Asian Paints,INV-1889,2025-06-14,240232.89,0.00,14413.97,14413.97,269060.83
27AAACP7531K1Z1,Godrej Industries,INV-1890,2025-06-15,78023.84,14044.29,0.00,0.00,92068.13
07AAACX9999H1Z3,HDFC Bank,INV-1891,2025-06-16,239560.95,0.00,5989.02,5989.02,251538.99
07AAACY7777A1Z5,ICICI Bank,INV-1892,2025-06-17,140613.43,0.00,8436.81,8436.81,157487.05
27AAACL1234Q1Z2,Larsen & Toubro,INV-1893,2025-06-18,35192.61,1759.63,0.00,0.00,36952.24
27AAACM5678R1Z4,Mahindra & Mahindra,INV-1894,2025-06-19,145316.06,0.00,20344.25,20344.25,186004.56
27AAACA2468S1Z6,Adani Enterprises,INV-1895,2025-06-20,136602.25,0.00,3415.06,3415.06,143432.37
27AAACB1357T1Z8,Bajaj Auto,INV-1896,2025-06-21,79649.33,14336.88,0.00,0.00,93986.21
07AAACH8642U1Z1,Hindustan Unilever,INV-1897,2025-06-22,56875.55,0.00,3412.53,3412.53,63700.61
07AAACS7531V1Z3,Sun Pharma,INV-1898,2025-06-23,44433.82,0.00,2666.03,2666.03,49765.88
27AAACC6420W1Z5,Coal India,INV-1899,2025-06-24,156136.81,28104.63,0.00,0.00,184241.44
27AAACN5319X1Z7,NTPC Limited,INV-1900,2025-06-25,52609.92,0.00,3156.60,3156.60,58923.12
27AAACG1234F1Z5,Reliance Industries,INV-1901,2025-06-26,169389.59,0.00,4234.74,4234.74,177859.07
27AAACH5678B1Z2,Tata Steel Limited,INV-1902,2025-06-27,213589.99,59805.20,0.00,0.00,273395.19
07AAACI2345D1Z6,Infosys Limited,INV-1903,2025-06-28,162945.26,0.00,4073.63,4073.63,171092.52
27AAACJ8765E1Z3,Bharat Petroleum,INV-1904,2025-06-01,76209.90,0.00,1905.25,1905.25,80020.40
27AAACK4321F1Z4,ITC Limited,INV-1905,2025-06-02,66418.47,7970.22,0.00,0.00,74388.69
07AAACL9876G1Z1,Wipro Limited,INV-1906,2025-06-03,182769.37,0.00,25587.71,25587.71,233944.79
27AAACM2468H1Z7,Maruti Suzuki India,INV-1907,2025-06-04,238127.28,0.00,21431.46,21431.46,280990.20
27AAACN1357I1Z8,Tata Motors,INV-1908,2025-06-05,36412.71,4369.53,0.00,0.00,40782.24
07AAACO8642J1Z9,Asian Paints,INV-1909,2025-06-06,29511.04,0.00,737.78,737.78,30986.60
27AAACP7531K1Z1,Godrej Industries,INV-1910,2025-06-07,225529.05,0.00,20297.61,20297.61,266124.27
07AAACX9999H1Z3,HDFC Bank,INV-1911,2025-06-08,124036.00,22326.48,0.00,0.00,146362.48
07AAACY7777A1Z5,ICICI Bank,INV-1912,2025-06-09,156003.90,0.00,14040.35,14040.35,184084.60
27AAACL1234Q1Z2,Larsen & Toubro,INV-1913,2025-06-10,174897.24,0.00,10493.83,10493.83,195884.90
27AAACM5678R1Z4,Mahindra & Mahindra,INV-1914,2025-06-11,143560.24,25840.84,0.00,0.00,169401.08
27AAACA2468S1Z6,Adani Enterprises,INV-1915,2025-06-12,202886.44,0.00,28404.10,28404.10,259694.64
27AAACB1357T1Z8,Bajaj Auto,INV-1916,2025-06-13,46316.68,0.00,4168.50,4168.50,54653.68
07AAACH8642U1Z1,Hindustan Unilever,INV-1917,2025-06-14,65312.91,7837.55,0.00,0.00,73150.46
07AAACS7531V1Z3,Sun Pharma,INV-1918,2025-06-15,179488.79,0.00,25128.43,25128.43,229745.65
27AAACC6420W1Z5,Coal India,INV-1919,2025-06-16,72786.56,0.00,6550.79,6550.79,85888.14
27AAACN5319X1Z7,NTPC Limited,INV-1920,2025-06-17,37904.93,6822.89,0.00,0.00,44727.82
27AAACG1234F1Z5,Reliance Industries,INV-1921,2025-06-18,220082.03,0.00,30811.48,30811.48,281704.99
27AAACH5678B1Z2,Tata Steel Limited,INV-1922,2025-06-19,114112.70,0.00,10270.14,10270.14,134652.98
07AAACI2345D1Z6,Infosys Limited,INV-1923,2025-06-20,124307.99,6215.40,0.00,0.00,130523.39
27AAACJ8765E1Z3,Bharat Petroleum,INV-1924,2025-06-21,48063.69,0.00,1201.59,1201.59,50466.87
27AAACK4321F1Z4,ITC Limited,INV-1925,2025-06-22,211239.28,0.00,12674.36,12674.36,236588.00
07AAACL9876G1Z1,Wipro Limited,INV-1926,2025-06-23,223367.77,26804.13,0.00,0.00,250171.90
27AAACM2468H1Z7,Maruti Suzuki India,INV-1927,2025-06-24,69492.49,0.00,1737.31,1737.31,72967.11
27AAACN1357I1Z8,Tata Motors,INV-1928,2025-06-25,183219.21,0.00,4580.48,4580.48,192380.17
07AAACO8642J1Z9,Asian Paints,INV-1929,2025-06-26,213148.88,10657.44,0.00,0.00,223806.32
27AAACP7531K1Z1,Godrej Industries,INV-1930,2025-06-27,204097.39,0.00,28573.63,28573.63,261244.65
07AAACX9999H1Z3,HDFC Bank,INV-1931,2025-06-28,193454.06,0.00,11607.24,11607.24,216668.54
07AAACY7777A1Z5,ICICI Bank,INV-1932,2025-06-01,227044.38,40867.99,0.00,0.00,267912.37
27AAACL1234Q1Z2,Larsen & Toubro,INV-1933,2025-06-02,138149.98,0.00,19341.00,19341.00,176831.98
27AAACM5678R1Z4,Mahindra & Mahindra,INV-1934,2025-06-03,165207.49,0.00,9912.45,9912.45,185032.39
27AAACA2468S1Z6,Adani Enterprises,INV-1935,2025-06-04,94625.56,11355.07,0.00,0.00,105980.63
27AAACB1357T1Z8,Bajaj Auto,INV-1936,2025-06-05,223402.20,0.00,20106.20,20106.20,263614.60
07AAACH8642U1Z1,Hindustan Unilever,INV-1937,2025-06-06,37800.91,0.00,945.02,945.02,39690.95
07AAACS7531V1Z3,Sun Pharma,INV-1938,2025-06-07,102212.36,5110.62,0.00,0.00,107322.98
27AAACC6420W1Z5,Coal India,INV-1939,2025-06-08,167356.23,0.00,10041.37,10041.37,187438.97
27AAACN5319X1Z7,NTPC Limited,INV-1940,2025-06-09,190515.49,0.00,11430.93,11430.93,213377.35
27AAACG1234F1Z5,Reliance Industries,INV-1941,2025-06-10,114324.01,13718.88,0.00,0.00,128042.89
27AAACH5678B1Z2,Tata Steel Limited,INV-1942,2025-06-11,143757.53,0.00,8625.45,8625.45,161008.43
07AAACI2345D1Z6,Infosys Limited,INV-1943,2025-06-12,185300.35,0.00,25942.05,25942.05,237184.45
27AAACJ8765E1Z3,Bharat Petroleum,INV-1944,2025-06-13,235097.94,11754.90,0.00,0.00,246852.84
27AAACK4321F1Z4,ITC Limited,INV-1945,2025-06-14,58610.68,0.00,8205.50,8205.50,75021.68
07AAACL9876G1Z1,Wipro Limited,INV-1946,2025-06-15,61778.73,0.00,5560.09,5560.09,72898.91
27AAACM2468H1Z7,Maruti Suzuki India,INV-1947,2025-06-16,95511.62,4775.58,0.00,0.00,100287.20
27AAACN1357I1Z8,Tata Motors,INV-1948,2025-06-17,168803.47,0.00,15192.31,15192.31,199188.09
07AAACO8642J1Z9,Asian Paints,INV-1949,2025-06-18,100082.81,0.00,14011.59,14011.59,128105.99
27AAACP7531K1Z1,Godrej Industries,INV-1950,2025-06-19,220980.24,11049.01,0.00,0.00,232029.25
07AAACX9999H1Z3,HDFC Bank,INV-1951,2025-06-20,245244.50,0.00,22072.00,22072.00,289388.50
07AAACY7777A1Z5,ICICI Bank,INV-1952,2025-06-21,30290.13,0.00,2726.11,2726.11,35742.35
27AAACL1234Q1Z2,Larsen & Toubro,INV-1953,2025-06-22,209543.71,37717.87,0.00,0.00,247261.58
27AAACM5678R1Z4,Mahindra & Mahindra,INV-1954,2025-06-23,146764.70,0.00,8805.88,8805.88,164376.46
27AAACA2468S1Z6,Adani Enterprises,INV-1955,2025-06-24,97281.59,0.00,13619.42,13619.42,124520.43
27AAACB1357T1Z8,Bajaj Auto,INV-1956,2025-06-25,94497.71,4724.89,0.00,0.00,99222.60
07AAACH8642U1Z1,Hindustan Unilever,INV-1957,2025-06-26,131582.41,0.00,18421.54,18421.54,168425.49
07AAACS7531V1Z3,Sun Pharma,INV-1958,2025-06-27,243305.16,0.00,14598.31,14598.31,272501.78
27AAACC6420W1Z5,Coal India,INV-1959,2025-06-28,131511.09,23672.00,0.00,0.00,155183.09
27AAACN5319X1Z7,NTPC Limited,INV-1960,2025-06-01,205223.01,0.00,18470.07,18470.07,242163.15
27AAACG1234F1Z5,Reliance Industries,INV-1961,2025-06-02,124281.08,0.00,17399.35,17399.35,159079.78
27AAACH5678B1Z2,Tata Steel Limited,INV-1962,2025-06-03,222357.13,11117.86,0.00,0.00,233474.99
07AAACI2345D1Z6,Infosys Limited,INV-1963,2025-06-04,127950.06,0.00,7677.00,7677.00,143304.06
27AAACJ8765E1Z3,Bharat Petroleum,INV-1964,2025-06-05,112775.18,0.00,6766.51,6766.51,126308.20
27AAACK4321F1Z4,ITC Limited,INV-1965,2025-06-06,23886.62,4299.59,0.00,0.00,28186.21
07AAACL9876G1Z1,Wipro Limited,INV-1966,2025-06-07,56821.69,0.00,3409.30,3409.30,63640.29
27AAACM2468H1Z7,Maruti Suzuki India,INV-1967,2025-06-08,43552.55,0.00,1088.81,1088.81,45730.17
27AAACN1357I1Z8,Tata Motors,INV-1968,2025-06-09,166971.86,46752.12,0.00,0.00,213723.98
07AAACO8642J1Z9,Asian Paints,INV-1969,2025-06-10,203737.29,0.00,5093.43,5093.43,213924.15
27AAACP7531K1Z1,Godrej Industries,INV-1970,2025-06-11,122971.58,0.00,17216.02,17216.02,157403.62
07AAACX9999H1Z3,HDFC Bank,INV-1971,2025-06-12,122360.19,14683.22,0.00,0.00,137043.41
07AAACY7777A1Z5,ICICI Bank,INV-1972,2025-06-13,163578.51,0.00,22900.99,22900.99,209380.49
27AAACL1234Q1Z2,Larsen & Toubro,INV-1973,2025-06-14,10499.28,0.00,262.48,262.48,11024.24
27AAACM5678R1Z4,Mahindra & Mahindra,INV-1974,2025-06-15,36331.85,4359.82,0.00,0.00,40691.67
27AAACA2468S1Z6,Adani Enterprises,INV-1975,2025-06-16,38007.39,0.00,950.18,950.18,39907.75
27AAACB1357T1Z8,Bajaj Auto,INV-1976,2025-06-17,223245.43,0.00,13394.73,13394.73,250034.89
07AAACH8642U1Z1,Hindustan Unilever,INV-1977,2025-06-18,18698.44,3365.72,0.00,0.00,22064.16
07AAACS7531V1Z3,Sun Pharma,INV-1978,2025-06-19,230999.48,0.00,32339.93,32339.93,295679.34
27AAACC6420W1Z5,Coal India,INV-1979,2025-06-20,151842.59,0.00,3796.06,3796.06,159434.71
27AAACN5319X1Z7,NTPC Limited,INV-1980,2025-06-21,220234.70,39642.25,0.00,0.00,259876.95
27AAACG1234F1Z5,Reliance Industries,INV-1981,2025-06-22,237077.20,0.00,14224.63,14224.63,265526.46
27AAACH5678B1Z2,Tata Steel Limited,INV-1982,2025-06-23,115054.82,0.00,16107.67,16107.67,147270.16
07AAACI2345D1Z6,Infosys Limited,INV-1983,2025-06-24,217489.09,26098.69,0.00,0.00,243587.78
27AAACJ8765E1Z3,Bharat Petroleum,INV-1984,2025-06-25,58744.13,0.00,8224.18,8224.18,75192.49
27AAACK4321F1Z4,ITC Limited,INV-1985,2025-06-26,152205.49,0.00,9132.33,9132.33,170470.15
07AAACL9876G1Z1,Wipro Limited,INV-1986,2025-06-27,157686.88,28383.64,0.00,0.00,186070.52
27AAACM2468H1Z7,Maruti Suzuki India,INV-1987,2025-06-28,46091.82,0.00,4148.26,4148.26,54388.34
27AAACN1357I1Z8,Tata Motors,INV-1988,2025-06-01,230976.23,0.00,5774.41,5774.41,242525.05
07AAACO8642J1Z9,Asian Paints,INV-1989,2025-06-02,61304.38,17165.23,0.00,0.00,78469.61
27AAACP7531K1Z1,Godrej Industries,INV-1990,2025-06-03,37392.23,0.00,934.81,934.81,39261.85
07AAACX9999H1Z3,HDFC Bank,INV-1991,2025-06-04,54575.39,0.00,7640.55,7640.55,69856.49
07AAACY7777A1Z5,ICICI Bank,INV-1992,2025-06-05,207495.98,10374.80,0.00,0.00,217870.78
27AAACL1234Q1Z2,Larsen & Toubro,INV-1993,2025-06-06,48468.44,0.00,1211.71,1211.71,50891.86
27AAACM5678R1Z4,Mahindra & Mahindra,INV-1994,2025-06-07,220049.40,0.00,5501.24,5501.24,231051.88
27AAACA2468S1Z6,Adani Enterprises,INV-1995,2025-06-08,27831.54,3339.78,0.00,0.00,31171.32
27AAACB1357T1Z8,Bajaj Auto,INV-1996,2025-06-09,225986.27,0.00,5649.66,5649.66,237285.59
07AAACH8642U1Z1,Hindustan Unilever,INV-1997,2025-06-10,224757.39,0.00,31466.03,31466.03,287689.45
07AAACS7531V1Z3,Sun Pharma,INV-1998,2025-06-11,132900.84,23922.15,0.00,0.00,156822.99
27AAACC6420W1Z5,Coal India,INV-1999,2025-06-12,219331.95,0.00,30706.47,30706.47,280744.89
27AAACN5319X1Z7,NTPC Limited,INV-2000,2025-06-13,61224.13,0.00,8571.38,8571.38,78366.89